,phrase,label,sentiment,subjectivity,language,count,gnd,geonames,geotype,latitude,longitude,continent,country,ipcc
Bayern,Bayern,LOC,0.03513514,0.00000000,de,37.00000000,4005044-0,2951839,X,49.00000000,11.50000000,EUROPE,Germany,WCE
Rheinland-Pfalz,Rheinland-Pfalz,LOC,-0.08615385,0.06153846,de,32.50000000,4049795-1,2847618,X,49.66667000,7.50000000,EUROPE,Germany,WCE
Timmendorfer Strand,Timmendorfer Strand,LOC,-0.16613419,0.00000000,de,31.30000000,4060184-5,2822160,X,54.00000000,10.78332900,EUROPE,Germany,NEU
Deutschland,Deutschland,LOC,-0.03257329,0.22801303,de,30.70000000,4011882-4,2921044,X,51.50000000,10.50000000,EUROPE,Germany,WCE
Thailand,Thailand,LOC,-0.25254237,0.11864407,de,29.50000000,4078228-1,1605651,X,15.00000000,100.00000000,ASIA,Thailand,SEA
Ahrtal,Ahrtal,LOC,-0.20110701,0.18450185,de,27.10000000,,-1,,,,,,
Vietnam,Vietnam,LOC,-0.07824427,0.20992366,de,26.20000000,4063514-4,1562822,X,16.16666900,107.83333000,ASIA,Vietnam,SEA
Indonesien,Indonesien,LOC,-0.23517787,0.31620553,de,25.30000000,4026761-1,1643084,X,-5.00000000,120.00000000,ASIA,Indonesia,SEA
Mexiko,Mexiko,LOC,-0.11382114,0.44715447,de,24.60000000,4039058-5,3996063,X,23.00000000,-102.00000000,CENTRAL-AMERICA,Mexico,NCA
Portugal,Portugal,LOC,-0.06451613,0.00000000,de,21.70000000,4046843-4,2264397,X,39.50000000,-8.00000000,EUROPE-AFRICA,Portugal,MED
Sachsen-Anhalt,Sachsen-Anhalt,LOC,0.23130841,0.18691589,de,21.40000000,4051181-9,2842565,X,51.91667000,11.50000000,EUROPE,Germany,WCE
Hawaii,Hawaii,LOC,-0.34673367,0.00000000,de,19.90000000,4023877-5,5855797,X,20.75028000,-156.50028000,PACIFIC,,NPO
Niedersachsen,Niedersachsen,LOC,0.06345178,0.25380711,de,19.70000000,4042226-4,2862926,X,52.00000000,10.00000000,EUROPE,Germany,WCE
Elbe,Elbe,LOC,0.00000000,0.63157895,de,19.00000000,,-1,,,,,,
Koblenz,Koblenz,LOC,0.01842105,0.04385965,de,19.00000000,4031410-8,2886946,X,50.35356900,7.57883900,EUROPE,Germany,WCE
…,…,LOC,0.23836127,0.03724395,de,17.90000000,,-1,,,,,,
Rhein,Rhein,LOC,-0.12209302,0.00000000,de,17.20000000,,-1,,,,,,
Mosel,Mosel,LOC,-0.12209302,0.00000000,de,17.20000000,,-1,,,,,,
Hessen,Hessen,LOC,-0.13081395,0.05813953,de,17.20000000,4024729-6,2905330,X,50.50000000,9.25000000,EUROPE,Germany,WCE
Brandenburg,Brandenburg,LOC,0.04142012,0.23668639,de,16.90000000,4007955-7,2945356,X,52.50000000,13.50000000,EUROPE,Germany,WCE
Frankfurt,Frankfurt,LOC,0.00000000,0.00000000,de,16.30000000,,-1,,,,,,
Bayerns,Bayerns,LOC,0.02614379,0.00000000,de,15.30000000,,-1,,,,,,
Thüringen,Thüringen,LOC,-0.16339869,0.13071895,de,15.30000000,4059979-6,2822542,X,50.91667000,11.00000000,EUROPE,Germany,WCE
Oder,Oder,LOC,0.22972973,0.00000000,de,14.80000000,,-1,,,,,,
USA,USA,LOC,-0.17241379,0.03448276,de,14.50000000,4078704-7,6252001,X,39.75999900,-98.50000000,NORTH-AMERICA,United States,CNA
Sri Lanka,Sri Lanka,LOC,-0.30147059,0.22058824,de,13.60000000,4009696-8,1227603,X,7.00000000,81.00000000,INDIAN,Sri Lanka,BOB
Frankreich,Frankreich,LOC,0.11290323,0.00000000,de,12.40000000,4018145-5,3017382,X,46.00000000,2.00000000,EUROPE,France,WCE
Donau,Donau,LOC,-0.35483871,0.18817204,de,12.40000000,,-1,,,,,,
Europa,Europa,LOC,-0.14406780,0.08474576,de,11.80000000,4015701-5,6255148,X,48.69095900,9.14062000,EUROPE,Germany,WCE
Prignitz,Prignitz,LOC,-0.16517857,0.00000000,de,11.20000000,,-1,,,,,,
Deutschlands,Deutschlands,LOC,0.00000000,0.19345238,de,11.20000000,,-1,,,,,,
Spanien,Spanien,LOC,-0.11818182,0.00000000,de,11.00000000,4055964-6,2510769,X,40.00000000,-4.00000000,EUROPE-AFRICA,Spain,MED
Brasilien,Brasilien,LOC,0.03669725,0.21406728,de,10.90000000,4008003-1,3469034,X,-10.00000000,-55.00000000,SOUTH-AMERICA,Brazil,SAM
Bremen,Bremen,LOC,0.16055046,0.04587156,de,10.90000000,4008135-7,2944387,X,53.08332900,8.83333000,EUROPE,Germany,NEU
Philippinen,Philippinen,LOC,0.00000000,0.00000000,de,10.80000000,4045771-0,1694008,X,13.00000000,122.00000000,ASIA,,SEA
Saarland,Saarland,LOC,-0.15251572,0.00000000,de,10.60000000,4076919-7,2842635,X,49.40471900,6.96082900,EUROPE,Germany,WCE
Österreich,Österreich,LOC,0.00000000,0.00000000,de,10.00000000,4043271-3,2782113,X,47.33332900,13.33333000,EUROPE,Austria,WCE
Brasiliens,Brasiliens,LOC,-0.20500000,0.05000000,de,10.00000000,,-1,,,,,,
Stadt,Stadt,LOC,-0.33500000,0.05000000,de,10.00000000,,-1,,,,,,
Sumatra,Sumatra,LOC,0.00000000,0.51546392,de,9.70000000,,-1,,,,,,
München,München,LOC,-0.07446809,0.00000000,de,9.40000000,4127793-4,2867714,X,48.13722200,11.57527700,EUROPE,Germany,WCE
Flüssen,Flüssen,LOC,0.26373626,0.10989011,de,9.10000000,,-1,,,,,,
Australiens,Australiens,LOC,0.18864469,0.00000000,de,9.10000000,,-1,,,,,,
Südostasien,Südostasien,LOC,-0.12820513,0.10989011,de,9.10000000,,-1,,,,,,
Dauerregen,Dauerregen,LOC,0.04651163,0.00000000,de,8.60000000,,-1,,,,,,
Washington,Washington,LOC,0.00000000,0.00000000,de,8.20000000,4118995-4,5815135,X,47.50012000,-120.50146900,NORTH-AMERICA,United States,WNA
Kanadas,Kanadas,LOC,-0.06097561,0.06097561,de,8.20000000,,-1,,,,,,
Saarbrücken,Saarbrücken,LOC,-0.30081301,0.00000000,de,8.20000000,4076912-4,2842647,X,49.23539900,6.98165000,EUROPE,Germany,WCE
Schleswig-Holstein,Schleswig-Holstein,LOC,0.00000000,0.00000000,de,7.90000000,4052692-6,2838632,X,54.00000000,10.50000000,EUROPE,Germany,NEU
Ostsee,Ostsee,LOC,-0.21518987,0.00000000,de,7.90000000,,-1,,,,,,
Bode,Bode,LOC,-0.28767123,0.00000000,de,7.30000000,4087860-0,2947179,X,53.02973000,10.34295000,EUROPE,Germany,WCE
Unstrut,Unstrut,LOC,-0.09589041,0.54794521,de,7.30000000,,-1,,,,,,
Steiermark,Steiermark,LOC,-0.08904110,0.06849315,de,7.30000000,4057092-7,2764581,X,47.25000000,15.16666900,EUROPE,Austria,WCE
Hollersbach,Hollersbach,LOC,0.00000000,0.00000000,de,7.30000000,4329171-5,2775600,X,47.26666900,12.41666900,EUROPE,Austria,WCE
Pinzgau,Pinzgau,LOC,-0.04109589,0.00000000,de,7.30000000,,-1,,,,,,
Feldkirch,Feldkirch,LOC,0.21232877,0.00000000,de,7.30000000,4016680-6,2779674,X,47.23306000,9.59999900,EUROPE,Austria,WCE
Harz,Harz,LOC,-0.09589041,0.00000000,de,7.30000000,,-1,,,,,,
Ostseeküste,Ostseeküste,LOC,-0.32857143,0.00000000,de,7.00000000,,-1,,,,,,
Hochwasser,Hochwasser,LOC,-0.75000000,0.00000000,de,6.80000000,,-1,,,,,,
Hamburg,Hamburg,LOC,0.00000000,0.14705882,de,6.80000000,4023118-5,2911297,X,53.58332900,10.00000000,EUROPE,Germany,NEU
Not,Not,LOC,0.00000000,0.00000000,de,6.70000000,,-1,,,,,,
Polen,Polen,LOC,0.31343284,0.00000000,de,6.70000000,4046496-9,798544,X,52.00000000,20.00000000,EUROPE,Poland,WCE
Freistaat,Freistaat,LOC,-0.29850746,0.00000000,de,6.70000000,,-1,,,,,,
Überflutungen,Überflutungen,LOC,-0.15625000,0.00000000,de,6.40000000,,-1,,,,,,
Deiche,Deiche,LOC,-0.23437500,0.23437500,de,6.40000000,,-1,,,,,,
Asien,Asien,LOC,0.00000000,0.46875000,de,6.40000000,4003217-6,6255147,X,29.84064000,89.29688000,ASIA,China,TIB
Halle,Halle,LOC,0.53125000,0.00000000,de,6.40000000,,-1,,,,,,
Franken,Franken,LOC,-0.13281250,0.00000000,de,6.40000000,,-1,,,,,,
Mosambik,Mosambik,LOC,-0.10937500,0.31250000,de,6.40000000,,-1,,,,,,
Dörsbach,Dörsbach,LOC,0.00000000,0.00000000,de,6.40000000,,-1,,,,,,
Marokko,Marokko,LOC,0.00000000,0.15625000,de,6.40000000,4037680-1,2542007,X,32.00000000,-5.00000000,EUROPE-AFRICA,Morocco,MED
Ilse,Ilse,LOC,-0.32812500,0.00000000,de,6.40000000,,-1,,,,,,
Südthailand,Südthailand,LOC,-0.21093750,0.23437500,de,6.40000000,,-1,,,,,,
Südfrankreich,Südfrankreich,LOC,-0.10937500,0.00000000,de,6.40000000,,-1,,,,,,
Berlin,Berlin,LOC,-0.89062500,0.00000000,de,6.40000000,4005728-8,2950157,X,52.50000000,13.41666900,EUROPE,Germany,WCE
Magdeburg,Magdeburg,LOC,0.22580645,0.00000000,de,6.20000000,4036934-1,2874545,X,52.12750000,11.62916600,EUROPE,Germany,WCE
Nordrhein-Westfalen,Nordrhein-Westfalen,LOC,-0.23497268,0.20765027,de,6.10000000,4042570-8,2861876,X,51.21894900,6.76339000,EUROPE,Germany,WCE
Buckelwal,Buckelwal,LOC,0.00000000,0.00000000,de,5.80000000,,-1,,,,,,
Südspanien,Südspanien,LOC,-0.12068966,0.00000000,de,5.80000000,,-1,,,,,,
China,China,LOC,0.00000000,0.00000000,de,5.80000000,4009937-4,1814991,X,35.00000000,105.00000000,ASIA,China,EAS
Frankreichs,Frankreichs,LOC,0.12068966,0.00000000,de,5.80000000,,-1,,,,,,
Hochwasserkatastrophe,Hochwasserkatastrophe,LOC,-0.17241379,0.34482759,de,5.80000000,,-1,,,,,,
Schwarze Elster,Schwarze Elster,LOC,0.00000000,0.72727273,de,5.50000000,,-1,,,,,,
Katzenelnbogen,Katzenelnbogen,LOC,-0.25454545,0.00000000,de,5.50000000,4110043-8,2892192,X,50.26745900,7.97322000,EUROPE,Germany,WCE
Spreewald,Spreewald,LOC,0.06363636,0.15151515,de,5.50000000,,-1,,,,,,
Mittersill,Mittersill,LOC,-0.05454545,0.00000000,de,5.50000000,4101059-0,2771385,X,47.26666900,12.48333000,EUROPE,Austria,WCE
Alpen,Alpen,LOC,-0.12727273,0.00000000,de,5.50000000,,-1,,,,,,
Marokkos,Marokkos,LOC,-0.25454545,0.00000000,de,5.50000000,,-1,,,,,,
Südchina,Südchina,LOC,-0.06363636,0.09090909,de,5.50000000,,-1,,,,,,
Höchststand,Höchststand,LOC,-0.25454545,0.00000000,de,5.50000000,,-1,,,,,,
Notstand,Notstand,LOC,0.12727273,0.00000000,de,5.50000000,,-1,,,,,,
Valencia,Valencia,LOC,-0.68518519,0.00000000,de,5.40000000,4062284-8,2509954,X,39.46972200,-0.37722200,EUROPE-AFRICA,Spain,MED
Sturmflut,Sturmflut,LOC,0.00000000,0.00000000,de,5.30000000,,-1,,,,,,
Bund,Bund,LOC,0.00000000,0.20408163,de,4.90000000,,-1,,,,,,
Russland,Russland,LOC,0.28571429,0.00000000,de,4.90000000,4076899-5,2017370,X,60.00000000,100.00000000,ASIA,Russia,ESB
Landes,Landes,LOC,0.14285714,0.00000000,de,4.90000000,,-1,,,,,,
Evakuierungen,Evakuierungen,LOC,0.00000000,0.00000000,de,4.90000000,,-1,,,,,,
Spaniens,Spaniens,LOC,0.00000000,0.00000000,de,4.70000000,,-1,,,,,,
Landstriche,Landstriche,LOC,0.60869565,0.21739130,de,4.60000000,,-1,,,,,,
Afrika,Afrika,LOC,0.00000000,0.00000000,de,4.60000000,4000695-5,6255146,X,7.18810000,21.09375000,AFRICA,Central African Republic,CAF
Thüringens,Thüringens,LOC,-0.15217391,0.00000000,de,4.60000000,,-1,,,,,,
Wochenmitte,Wochenmitte,LOC,0.00000000,0.00000000,de,4.60000000,,-1,,,,,,
Texas,Texas,LOC,-0.15217391,0.00000000,de,4.60000000,4059594-8,4736286,X,31.25044000,-99.25060900,NORTH-AMERICA,United States,CNA
Baden-Württemberg,Baden-Württemberg,LOC,0.00000000,0.21739130,de,4.60000000,4004176-1,2953481,X,48.50000000,9.00000000,EUROPE,Germany,WCE
Koblach,Koblach,LOC,0.15217391,0.00000000,de,4.60000000,4443841-2,2773863,X,47.33306000,9.59999900,EUROPE,Switzerland,WCE
Manila,Manila,LOC,-0.33695652,0.00000000,de,4.60000000,4037344-7,1701668,X,14.60420000,120.98220000,ASIA,Philippines,SEA
Malaysia,Malaysia,LOC,-0.06521739,0.00000000,de,4.60000000,4037203-0,1733045,X,2.50000000,112.50000000,ASIA,Malaysia,SEA
Andalusien,Andalusien,LOC,-0.15217391,0.00000000,de,4.60000000,4001909-3,2593109,X,37.60000000,-4.50000000,EUROPE-AFRICA,Spain,MED
Land,Land,LOC,-0.21739130,0.00000000,de,4.60000000,,-1,,,,,,
Mittelfranken,Mittelfranken,LOC,-0.43478261,0.00000000,de,4.60000000,,-1,,,,,,
Gemeinde,Gemeinde,LOC,0.30434783,0.00000000,de,4.60000000,,-1,,,,,,
Indien,Indien,LOC,0.00000000,0.00000000,de,4.60000000,4026722-2,1269750,X,20.00000000,77.00000000,ASIA,India,SAS
Nordseeküste,Nordseeküste,LOC,0.15909091,0.00000000,de,4.40000000,,-1,,,,,,
Küste,Küste,LOC,0.08139535,0.11627907,de,4.30000000,,-1,,,,,,
Niederösterreich,Niederösterreich,LOC,0.16666667,0.00000000,de,4.20000000,4075391-8,2770542,X,48.33332900,15.75000000,EUROPE,Austria,WCE
Erde,Erde,LOC,-0.26250000,0.00000000,de,4.00000000,,-1,,,,,,
Süddeutschland,Süddeutschland,LOC,0.00000000,0.25000000,de,4.00000000,,-1,,,,,,
Bali,Bali,LOC,0.00000000,0.25000000,de,4.00000000,,-1,,,,,,
Ibiza,Ibiza,LOC,0.17948718,0.00000000,de,3.90000000,,-1,,,,,,
Asiens,Asiens,LOC,-0.37837838,0.27027027,de,3.70000000,,-1,,,,,,
Bewohner,Bewohner,LOC,0.18918919,0.27027027,de,3.70000000,,-1,,,,,,
Ahrtahlbahn,Ahrtahlbahn,LOC,-0.18918919,0.81081081,de,3.70000000,,-1,,,,,,
Portugals,Portugals,LOC,0.18918919,0.00000000,de,3.70000000,,-1,,,,,,
Vilshofen,Vilshofen,LOC,-0.18918919,0.36036036,de,3.70000000,4063552-1,2817202,X,48.62694400,13.19222200,EUROPE,Germany,WCE
Deggendorf,Deggendorf,LOC,-0.18918919,0.36036036,de,3.70000000,4011295-0,2938540,X,48.84085900,12.96068000,EUROPE,Germany,WCE
Flutkatastrophe,Flutkatastrophe,LOC,-0.81081081,0.27027027,de,3.70000000,,-1,,,,,,
Krokodil-Alarm,Krokodil-Alarm,LOC,0.00000000,0.00000000,de,3.70000000,,-1,,,,,,
Trab,Trab,LOC,0.00000000,0.00000000,de,3.70000000,,-1,,,,,,
Dauereinsatz,Dauereinsatz,LOC,-0.72972973,0.00000000,de,3.70000000,,-1,,,,,,
Deichanlagen,Deichanlagen,LOC,0.00000000,0.00000000,de,3.70000000,,-1,,,,,,
Australiens Northern Territory,Australiens Northern Territory,LOC,-1.04054054,0.00000000,de,3.70000000,,-1,,,,,,
sintflutartiger,sintflutartiger,LOC,-0.37837838,0.27027027,de,3.70000000,,-1,,,,,,
Norwegen,Norwegen,LOC,0.08108108,0.00000000,de,3.70000000,4042640-3,3144096,X,62.00000000,10.00000000,EUROPE,Norway,NEU
Polens,Polens,LOC,-0.62162162,0.00000000,de,3.70000000,,-1,,,,,,
Montagfrüh,Montagfrüh,LOC,-0.18918919,0.00000000,de,3.70000000,,-1,,,,,,
Wahiawa-Damm,Wahiawa-Damm,LOC,0.00000000,0.00000000,de,3.70000000,,-1,,,,,,
Inn,Inn,LOC,0.36486486,0.00000000,de,3.70000000,,-1,,,,,,
Staufensee,Staufensee,LOC,0.18918919,0.00000000,de,3.70000000,,-1,,,,,,
Niedersachsens,Niedersachsens,LOC,-0.18918919,0.00000000,de,3.70000000,,-1,,,,,,
Kanada,Kanada,LOC,-0.27027027,0.00000000,de,3.70000000,4029456-0,6251999,X,60.10866900,-113.64257900,NORTH-AMERICA,Canada,NWN
Verviers,Verviers,LOC,-0.08108108,0.00000000,de,3.70000000,4063312-3,2784821,X,50.58906900,5.86240900,EUROPE,Belgium,WCE
Umweltamt,Umweltamt,LOC,0.00000000,0.00000000,de,3.70000000,,-1,,,,,,
Afrikas,Afrikas,LOC,0.00000000,0.27027027,de,3.70000000,,-1,,,,,,
Nassau,Nassau,LOC,-0.56756757,0.00000000,de,3.70000000,,-1,,,,,,
Départements,Départements,LOC,0.00000000,0.00000000,de,3.70000000,,-1,,,,,,
d…,d…,LOC,-0.47222222,0.00000000,de,3.60000000,,-1,,,,,,
Risiko,Risiko,LOC,0.29166667,0.69444444,de,3.60000000,,-1,,,,,,
Erfurt,Erfurt,LOC,0.00000000,0.00000000,de,3.50000000,4015240-6,2929670,X,50.97861100,11.03277700,EUROPE,Germany,WCE
Stadtteile,Stadtteile,LOC,0.82352941,0.00000000,de,3.40000000,,-1,,,,,,
Rettung,Rettung,LOC,0.00000000,1.17647059,de,3.40000000,,-1,,,,,,
Erdrutschen,Erdrutschen,LOC,0.00000000,0.00000000,de,3.40000000,,-1,,,,,,
Sachsen,Sachsen,LOC,-0.50000000,0.00000000,de,3.40000000,4051176-5,2842566,X,51.00000000,13.25000000,EUROPE,Germany,WCE
nan,nan,LOC,0.20588235,0.29411765,de,3.40000000,,-1,,,,,,
Flutkatastrophe im Ahrtal,Flutkatastrophe im Ahrtal,LOC,-0.44117647,0.14705882,de,3.40000000,,-1,,,,,,
Chinas,Chinas,LOC,0.00000000,0.32258065,de,3.10000000,,-1,,,,,,
NRW,NRW,LOC,0.00000000,0.00000000,de,3.10000000,,-1,,,,,,
Klimawandel,Klimawandel,LOC,0.22580645,0.00000000,de,3.10000000,,-1,,,,,,
Arzberg,Arzberg,LOC,-0.11666667,0.83333333,de,3.00000000,,-1,,,,,,
Kramsach,Kramsach,LOC,0.56666667,0.00000000,de,3.00000000,4032760-7,2773605,X,47.44312000,11.87545000,EUROPE,Austria,WCE
Nordsachsen,Nordsachsen,LOC,0.00000000,0.66666667,de,3.00000000,,-1,,,,,,
Ukraine,Ukraine,LOC,0.00000000,0.00000000,de,2.90000000,4061496-7,690791,X,49.00000000,32.00000000,EUROPE,Ukraine,WCE
Spreewald-Ort Burg,Spreewald-Ort Burg,LOC,0.75000000,0.00000000,de,2.80000000,,-1,,,,,,
Regen,Regen,LOC,0.25000000,0.00000000,de,2.80000000,4048975-9,2849495,X,48.97166600,13.12805500,EUROPE,Germany,WCE
Umweltministerium,Umweltministerium,LOC,-0.50000000,0.00000000,de,2.80000000,,-1,,,,,,
Ill,Ill,LOC,0.25000000,0.00000000,de,2.80000000,,-1,,,,,,
Toiletten,Toiletten,LOC,-0.75000000,0.00000000,de,2.80000000,,-1,,,,,,
Provinz Songkhla,Provinz Songkhla,LOC,0.00000000,0.00000000,de,2.80000000,,-1,,,,,,
Málaga,Málaga,LOC,0.00000000,0.00000000,de,2.80000000,4100040-7,2514256,X,36.72000000,-4.42027700,EUROPE-AFRICA,Spain,MED
Graz,Graz,LOC,0.25000000,0.00000000,de,2.80000000,4021912-4,2778067,X,47.06666600,15.45000000,EUROPE,Austria,WCE
Südostasiens,Südostasiens,LOC,0.00000000,0.71428571,de,2.80000000,,-1,,,,,,
Südafrika,Südafrika,LOC,-0.25000000,0.71428571,de,2.80000000,4078012-0,953987,X,-29.00000000,24.00000000,AFRICA,South Africa,WSAF
Gewässern,Gewässern,LOC,0.00000000,0.00000000,de,2.80000000,,-1,,,,,,
Tuvalu,Tuvalu,LOC,-0.50000000,0.00000000,de,2.80000000,4107331-9,2110297,X,-8.51718900,179.14477900,PACIFIC,,EPO
Australien,Australien,LOC,0.00000000,0.00000000,de,2.80000000,4003900-6,2077456,X,-25.00000000,135.00000000,OCEANIA,Australia,CAU
Alarmbereitschaft,Alarmbereitschaft,LOC,0.00000000,0.00000000,de,2.80000000,,-1,,,,,,
Salzach,Salzach,LOC,-0.17857143,0.17857143,de,2.80000000,,-1,,,,,,
Thailands,Thailands,LOC,0.25000000,0.35714286,de,2.80000000,,-1,,,,,,
U4,U4,LOC,0.00000000,0.00000000,de,2.80000000,,-1,,,,,,
Wassermassen,Wassermassen,LOC,0.00000000,0.00000000,de,2.80000000,,-1,,,,,,
Land Brandenburg,Land Brandenburg,LOC,-0.25000000,0.00000000,de,2.80000000,4007955-7,2945356,X,52.50000000,13.50000000,EUROPE,Germany,WCE
Hannover,Hannover,LOC,-0.35714286,0.00000000,de,2.80000000,4023349-2,2910831,X,52.37027700,9.73305500,EUROPE,Germany,WCE
Danzig,Danzig,LOC,0.00000000,0.00000000,de,2.80000000,4011039-4,3099434,X,54.35204900,18.64637000,EUROPE,Poland,WCE
Italien,Italien,LOC,0.75000000,0.00000000,de,2.80000000,4027833-5,3175395,X,42.83332900,12.83333000,EUROPE-AFRICA,Italy,MED
Eis auf der Oder,Eis auf der Oder,LOC,0.00000000,0.00000000,de,2.80000000,,-1,,,,,,
Kiel,Kiel,LOC,0.25000000,0.00000000,de,2.80000000,4030481-4,2891122,X,54.32111100,10.13472200,EUROPE,Germany,NEU
Tirol,Tirol,LOC,-0.17857143,0.17857143,de,2.80000000,4060207-2,2763586,X,47.25000000,11.33333000,EUROPE,Austria,WCE
“,“,LOC,0.00000000,0.00000000,de,2.80000000,,-1,,,,,,
Neue Landgrafenbrücke,Neue Landgrafenbrücke,LOC,0.75000000,0.00000000,de,2.80000000,,-1,,,,,,
Hochwasser-Einsatz,Hochwasser-Einsatz,LOC,-0.85714286,0.00000000,de,2.80000000,,-1,,,,,,
Pariser,Pariser,LOC,0.00000000,0.00000000,de,2.80000000,,-1,,,,,,
Überschwemmungen,Überschwemmungen,LOC,0.00000000,0.00000000,de,2.80000000,,-1,,,,,,
Pritzwalk,Pritzwalk,LOC,-0.66071429,0.00000000,de,2.80000000,4341847-8,2851962,X,53.14945000,12.17404900,EUROPE,Germany,WCE
Westeuropa,Westeuropa,LOC,0.00000000,0.00000000,de,2.80000000,,-1,,,,,,
Niendorf,Niendorf,LOC,0.00000000,0.00000000,de,2.80000000,1240697449,2862591,X,53.58527700,10.60888800,EUROPE,Germany,NEU
Korsika,Korsika,LOC,0.00000000,0.00000000,de,2.80000000,,-1,,,,,,
Brandenburgs,Brandenburgs,LOC,0.00000000,0.00000000,de,2.80000000,,-1,,,,,,
Niederlande,Niederlande,LOC,-0.35714286,0.00000000,de,2.80000000,4042203-3,2750405,X,52.50000000,5.75000000,EUROPE,The Netherlands,NEU
Copernicus-Bilanz,Copernicus-Bilanz,LOC,0.00000000,0.00000000,de,2.80000000,,-1,,,,,,
Landesteilen,Landesteilen,LOC,0.00000000,0.00000000,de,2.80000000,,-1,,,,,,
Landesrechnungshof,Landesrechnungshof,LOC,0.00000000,0.00000000,de,2.80000000,,-1,,,,,,
Rheins,Rheins,LOC,0.00000000,0.35714286,de,2.80000000,,-1,,,,,,
Land Salzburg,Land Salzburg,LOC,0.50000000,0.35714286,de,2.80000000,4051423-7,2766823,X,47.41667000,13.25000000,EUROPE,Austria,WCE
Stepenitz,Stepenitz,LOC,-0.30357143,0.00000000,de,2.80000000,10155351-1,2827418,X,53.31833300,12.13944400,EUROPE,Germany,WCE
Nepal,Nepal,LOC,0.50000000,0.35714286,de,2.80000000,4041612-4,1282988,X,28.00000000,84.00000000,ASIA,Nepal,TIB
Taiwan,Taiwan,LOC,-0.25000000,0.00000000,de,2.80000000,4017875-4,1668284,X,24.00000000,121.00000000,ASIA,Taiwan,EAS
Sandau,Sandau,LOC,0.00000000,0.00000000,de,2.80000000,,-1,,,,,,
Bonn,Bonn,LOC,-0.30357143,0.00000000,de,2.80000000,4007666-0,2946447,X,50.73416600,7.09527700,EUROPE,Germany,WCE
Hochwasser-Katastrophe,Hochwasser-Katastrophe,LOC,-0.12500000,0.17857143,de,2.80000000,,-1,,,,,,
Bächen,Bächen,LOC,0.60714286,0.00000000,de,2.80000000,,-1,,,,,,
Louvre,Louvre,LOC,0.00000000,0.00000000,de,2.80000000,,-1,,,,,,
Moselpegel Trier,Moselpegel Trier,LOC,0.00000000,0.00000000,de,2.80000000,,-1,,,,,,
B197,B197,LOC,0.00000000,0.00000000,de,2.80000000,,-1,,,,,,
Teilrepublik Dagestan,Teilrepublik Dagestan,LOC,0.00000000,0.00000000,de,2.80000000,,-1,,,,,,
Venedig,Venedig,LOC,-0.05357143,0.00000000,de,2.80000000,4062501-1,3164603,X,45.43860900,12.32667000,EUROPE,Italy,WCE
Dömnitz,Dömnitz,LOC,0.00000000,0.00000000,de,2.80000000,,-1,,,,,,
Nordsee,Nordsee,LOC,-0.25925926,0.00000000,de,2.70000000,,-1,,,,,,
Jerichower Land,Jerichower Land,LOC,0.00000000,0.00000000,de,2.60000000,,-1,,,,,,
Jamaika,Jamaika,LOC,-0.95454545,0.00000000,de,2.20000000,4028456-6,3489940,X,18.25000000,-77.50000000,CENTRAL-AMERICA,Jamaica,CAR
Winnenden,Winnenden,LOC,-0.18181818,0.00000000,de,2.20000000,4066313-9,2807872,X,48.87563000,9.39818900,EUROPE,Germany,WCE
Starkregen,Starkregen,LOC,0.45454545,0.00000000,de,2.20000000,,-1,,,,,,
Stadt Hamburg,Stadt Hamburg,LOC,-0.95454545,0.00000000,de,2.20000000,,-1,,,,,,
Gazastreifen,Gazastreifen,LOC,-0.45454545,0.00000000,de,2.20000000,,-1,,,,,,
Simbach am Inn,Simbach am Inn,LOC,0.00000000,0.00000000,de,2.20000000,4055032-1,2832043,X,48.26527700,13.02305500,EUROPE,Germany,WCE
sn,sn,LOC,0.00000000,0.45454545,de,2.20000000,,-1,,,,,,
Lainsitz,Lainsitz,LOC,0.35000000,0.00000000,de,2.00000000,,-1,,,,,,
Odessa,Odessa,LOC,0.00000000,0.00000000,de,2.00000000,4043115-0,698740,X,46.47746900,30.73262000,EUROPE,Ukraine,WCE
New Yorker,New Yorker,LOC,-0.17500000,0.25000000,de,2.00000000,,-1,,,,,,
Brandenberger Ache,Brandenberger Ache,LOC,0.35000000,0.00000000,de,2.00000000,,-1,,,,,,
Landkreis Nordsachsen,Landkreis Nordsachsen,LOC,0.00000000,1.00000000,de,2.00000000,,-1,,,,,,
Wasserstandes,Wasserstandes,LOC,0.00000000,0.00000000,de,1.90000000,,-1,,,,,,
Stadt Dornbirn,Stadt Dornbirn,LOC,0.00000000,0.00000000,de,1.90000000,4012792-8,2780741,X,47.41667000,9.73306000,EUROPE,Austria,WCE
Hildesheim,Hildesheim,LOC,-0.18421053,0.78947368,de,1.90000000,4024881-1,2904789,X,52.15055500,9.95111100,EUROPE,Germany,WCE
Hitze,Hitze,LOC,0.15789474,0.00000000,de,1.90000000,,-1,,,,,,
Pegel Meyenburg,Pegel Meyenburg,LOC,-0.97368421,0.00000000,de,1.90000000,,-1,,,,,,
Unwettergefahr,Unwettergefahr,LOC,0.00000000,0.00000000,de,1.90000000,,-1,,,,,,
Extremwetterereignissen,Extremwetterereignissen,LOC,0.73684211,0.00000000,de,1.90000000,,-1,,,,,,
Wasserhaushalt,Wasserhaushalt,LOC,0.00000000,0.00000000,de,1.90000000,,-1,,,,,,
Leonardo,Leonardo,LOC,-0.36842105,0.00000000,de,1.90000000,,-1,,,,,,
Glatteisflächen,Glatteisflächen,LOC,-1.05263158,0.00000000,de,1.90000000,,-1,,,,,,
Mühlviertel,Mühlviertel,LOC,0.00000000,0.00000000,de,1.90000000,,-1,,,,,,
Südamerika,Südamerika,LOC,0.00000000,0.00000000,de,1.90000000,,-1,,,,,,
Naturschutz-Auflagen,Naturschutz-Auflagen,LOC,-0.36842105,0.00000000,de,1.90000000,,-1,,,,,,
Augsburg,Augsburg,LOC,0.00000000,0.00000000,de,1.90000000,4003614-5,2954172,X,48.37138800,10.89833300,EUROPE,Germany,WCE
Regenfälle,Regenfälle,LOC,0.00000000,0.00000000,de,1.90000000,,-1,,,,,,
Warnungen,Warnungen,LOC,0.00000000,0.00000000,de,1.90000000,,-1,,,,,,
Wettertechnisch,Wettertechnisch,LOC,-0.36842105,0.00000000,de,1.90000000,,-1,,,,,,
Schweiz,Schweiz,LOC,0.00000000,0.00000000,de,1.90000000,,-1,,,,,,
Oberläufen von Bode und Ilse,Oberläufen von Bode und Ilse,LOC,-0.36842105,0.00000000,de,1.90000000,,-1,,,,,,
Harz-Flüssen,Harz-Flüssen,LOC,0.00000000,0.00000000,de,1.90000000,,-1,,,,,,
Ahr,Ahr,LOC,-0.12280702,0.35087719,de,1.90000000,,-1,,,,,,
Saale,Saale,LOC,0.00000000,0.00000000,de,1.90000000,,-1,,,,,,
Schneeberge,Schneeberge,LOC,-1.05263158,0.00000000,de,1.90000000,,-1,,,,,,
Straße in Nassau,Straße in Nassau,LOC,0.00000000,0.00000000,de,1.90000000,,-1,,,,,,
Rhön,Rhön,LOC,0.00000000,0.00000000,de,1.90000000,,-1,,,,,,
Vogelsberg,Vogelsberg,LOC,0.00000000,0.00000000,de,1.90000000,,-1,,,,,,
Ranna,Ranna,LOC,0.36842105,0.00000000,de,1.90000000,,-1,,,,,,
Ursachen,Ursachen,LOC,0.00000000,0.00000000,de,1.90000000,,-1,,,,,,
Kreis Mecklenburgische Seenplatte,Kreis Mecklenburgische Seenplatte,LOC,-0.36842105,0.00000000,de,1.90000000,,-1,,,,,,
Warnstufe Rot,Warnstufe Rot,LOC,0.00000000,0.00000000,de,1.90000000,,-1,,,,,,
Dornbirn,Dornbirn,LOC,0.36842105,0.00000000,de,1.90000000,4012792-8,2780741,X,47.41667000,9.73306000,EUROPE,Austria,WCE
Berchtesgaden,Berchtesgaden,LOC,0.00000000,0.00000000,de,1.90000000,4005574-7,2950881,X,47.63235900,13.00186000,EUROPE,Germany,WCE
Österreichs,Österreichs,LOC,0.00000000,0.00000000,de,1.90000000,,-1,,,,,,
Lübecker Bucht,Lübecker Bucht,LOC,0.00000000,0.00000000,de,1.90000000,,-1,,,,,,
Rhesi,Rhesi,LOC,0.00000000,0.00000000,de,1.90000000,,-1,,,,,,
Tauwetter,Tauwetter,LOC,-0.52631579,0.00000000,de,1.90000000,,-1,,,,,,
Nordbayern,Nordbayern,LOC,-0.44736842,0.00000000,de,1.90000000,,-1,,,,,,
Oldenburg,Oldenburg,LOC,0.00000000,0.00000000,de,1.90000000,4043457-6,2857458,X,53.14111100,8.21444400,EUROPE,Germany,NEU
Koblacher,Koblacher,LOC,0.00000000,0.00000000,de,1.90000000,,-1,,,,,,
Hochwasser-Alarm,Hochwasser-Alarm,LOC,0.00000000,0.00000000,de,1.90000000,,-1,,,,,,
SZ,SZ,LOC,0.00000000,0.00000000,de,1.90000000,,-1,,,,,,
Aschaffenburg,Aschaffenburg,LOC,0.00000000,0.00000000,de,1.90000000,4003191-3,2955272,X,49.97704000,9.15213900,EUROPE,Germany,WCE
Dornbirnerach,Dornbirnerach,LOC,-0.52631579,0.00000000,de,1.90000000,,-1,,,,,,
Okertal,Okertal,LOC,-0.15789474,0.00000000,de,1.90000000,,-1,,,,,,
Straße in NRW,Straße in NRW,LOC,0.73684211,0.00000000,de,1.90000000,,-1,,,,,,
Regenjacke,Regenjacke,LOC,-0.36842105,0.00000000,de,1.90000000,,-1,,,,,,
Wehoferbach,Wehoferbach,LOC,0.00000000,0.00000000,de,1.90000000,,-1,,,,,,
Hintersee,Hintersee,LOC,0.36842105,0.00000000,de,1.90000000,,-1,,,,,,
Südspaniens,Südspaniens,LOC,0.00000000,0.00000000,de,1.90000000,,-1,,,,,,
Baden-Württembergs,Baden-Württembergs,LOC,0.36842105,0.00000000,de,1.90000000,,-1,,,,,,
St. Goar,St. Goar,LOC,0.00000000,0.00000000,de,1.90000000,4051602-7,2841611,X,50.14878000,7.70720000,EUROPE,Germany,WCE
Schwarmkraftwerke,Schwarmkraftwerke,LOC,0.00000000,0.00000000,de,1.90000000,,-1,,,,,,
Rosenmontag,Rosenmontag,LOC,0.00000000,0.00000000,de,1.90000000,,-1,,,,,,
Emmebach,Emmebach,LOC,0.00000000,0.00000000,de,1.90000000,,-1,,,,,,
Musée du Louvre,Musée du Louvre,LOC,0.00000000,0.00000000,de,1.90000000,,-1,,,,,,
Pegel Trier,Pegel Trier,LOC,-0.36842105,0.00000000,de,1.90000000,,-1,,,,,,
Bundes,Bundes,LOC,0.00000000,0.00000000,de,1.90000000,,-1,,,,,,
Rhein-Main,Rhein-Main,LOC,-0.81578947,0.00000000,de,1.90000000,,-1,,,,,,
São Paulo,São Paulo,LOC,-0.18421053,0.26315789,de,1.90000000,4051667-2,3448439,X,-23.54750000,-46.63611100,SOUTH-AMERICA,Brazil,SES
lni,lni,LOC,-0.18421053,0.26315789,de,1.90000000,,-1,,,,,,
Sekundenschnelle,Sekundenschnelle,LOC,0.00000000,0.00000000,de,1.90000000,,-1,,,,,,
Mecklenburg-Vorpommern,Mecklenburg-Vorpommern,LOC,-0.36842105,0.00000000,de,1.90000000,4242861-0,2872567,X,53.50000000,12.50000000,EUROPE,Germany,WCE
Nordkaukasus,Nordkaukasus,LOC,0.00000000,0.00000000,de,1.90000000,,-1,,,,,,
Hochwassers,Hochwassers,LOC,0.00000000,0.00000000,de,1.90000000,,-1,,,,,,
Schöpfwerke,Schöpfwerke,LOC,-0.18421053,0.78947368,de,1.90000000,,-1,,,,,,
Spree,Spree,LOC,0.00000000,0.00000000,de,1.90000000,,-1,,,,,,
Gemeinden,Gemeinden,LOC,0.00000000,0.52631579,de,1.90000000,,-1,,,,,,
Garonne,Garonne,LOC,0.00000000,0.00000000,de,1.90000000,,-1,,,,,,
Simbabwe,Simbabwe,LOC,0.00000000,0.52631579,de,1.90000000,4049850-5,878675,X,-19.00000000,29.00000000,AFRICA,Zimbabwe,ESAF
Kalifornien,Kalifornien,LOC,-0.52631579,0.00000000,de,1.90000000,4029307-5,5332921,X,37.25021900,-119.75126000,NORTH-AMERICA,United States,WNA
Bad Neuenahr-Ahrweiler,Bad Neuenahr-Ahrweiler,LOC,0.36842105,0.00000000,de,1.90000000,,-1,,,,,,
Landgrafenbrücke,Landgrafenbrücke,LOC,0.18421053,0.26315789,de,1.90000000,,-1,,,,,,
noc…,noc…,LOC,0.00000000,0.00000000,de,1.90000000,,-1,,,,,,
Hansestadt,Hansestadt,LOC,0.00000000,0.00000000,de,1.90000000,,-1,,,,,,
Versicherungsverband,Versicherungsverband,LOC,0.27631579,0.26315789,de,1.90000000,,-1,,,,,,
Provinz Málaga,Provinz Málaga,LOC,0.00000000,0.00000000,de,1.90000000,,-1,,,,,,
Flussmündungen,Flussmündungen,LOC,-0.12280702,0.00000000,de,1.90000000,,-1,,,,,,
den USA,den USA,LOC,0.00000000,0.00000000,de,1.90000000,,-1,,,,,,
El Niño,El Niño,LOC,0.00000000,0.00000000,de,1.90000000,,-1,,,,,,
Le…,Le…,LOC,0.00000000,0.00000000,de,1.90000000,,-1,,,,,,
Gre…,Gre…,LOC,0.00000000,0.00000000,de,1.90000000,,-1,,,,,,
Obdach,Obdach,LOC,0.52631579,0.00000000,de,1.90000000,4526902-6,2770390,X,47.06667000,14.68332900,EUROPE,Austria,WCE
Lobmingtal,Lobmingtal,LOC,0.52631579,0.00000000,de,1.90000000,,-1,,,,,,
Weißkirchen,Weißkirchen,LOC,0.52631579,0.00000000,de,1.90000000,,-1,,,,,,
Köln,Köln,LOC,-0.97368421,0.00000000,de,1.90000000,4031483-2,2886242,X,50.93333300,6.95000000,EUROPE,Germany,WCE
Rastatt,Rastatt,LOC,-0.44736842,0.00000000,de,1.90000000,4048445-2,2850257,X,48.85851000,8.20964000,EUROPE,Germany,WCE
Kreises s…,Kreises s…,LOC,0.00000000,0.00000000,de,1.90000000,,-1,,,,,,
Aceh,Aceh,LOC,0.00000000,0.00000000,de,1.90000000,,-1,,,,,,
Ahrtalbahn,Ahrtalbahn,LOC,0.00000000,0.00000000,de,1.90000000,,-1,,,,,,
Dernau,Dernau,LOC,-0.55263158,0.26315789,de,1.90000000,4490544-0,2938068,X,50.53332900,7.04999900,EUROPE,Germany,WCE
Oberpinzgau,Oberpinzgau,LOC,0.36842105,0.00000000,de,1.90000000,,-1,,,,,,
Insel Juist,Insel Juist,LOC,-0.73684211,0.00000000,de,1.90000000,,-1,,,,,,
Wien,Wien,LOC,0.52631579,0.00000000,de,1.90000000,4066009-6,2761367,X,48.20819900,16.37169000,EUROPE,Austria,WCE
Bezirk Braunau,Bezirk Braunau,LOC,0.73684211,0.00000000,de,1.90000000,,-1,,,,,,
Helpfau-Uttendorf,Helpfau-Uttendorf,LOC,0.73684211,0.00000000,de,1.90000000,,-1,,,,,,
Ealing,Ealing,LOC,0.00000000,0.00000000,de,1.90000000,7550077-2,2650567,X,51.51216000,-0.30204000,EUROPE,United Kingdom,NEU
Bergen,Bergen,LOC,0.00000000,0.00000000,de,1.90000000,,-1,,,,,,
US-Bundesstaat,US-Bundesstaat,LOC,-0.36842105,0.00000000,de,1.90000000,,-1,,,,,,
Anpassungsstrategien,Anpassungsstrategien,LOC,0.00000000,0.00000000,de,1.90000000,,-1,,,,,,
Blessem,Blessem,LOC,-0.36842105,0.00000000,de,1.90000000,,-1,,,,,,
East Rutherford,East Rutherford,LOC,0.73684211,0.00000000,de,1.90000000,,-1,,,,,,
Hubei,Hubei,LOC,0.00000000,0.00000000,de,1.90000000,4305745-7,1806949,X,31.00000000,112.25000000,ASIA,China,EAS
Dresden,Dresden,LOC,0.00000000,0.52631579,de,1.90000000,4012995-0,2935022,X,51.05089000,13.73831900,EUROPE,Germany,WCE
Nigeria,Nigeria,LOC,0.00000000,0.00000000,de,1.90000000,4042300-1,2328926,X,10.00000000,8.00000000,AFRICA,Nigeria,WAF
Atlantik,Atlantik,LOC,0.00000000,0.00000000,de,1.90000000,4003388-0,3373405,X,10.00000000,-25.00000000,ATLANTIC,,NAO
Mount Everest,Mount Everest,LOC,-0.36842105,0.00000000,de,1.90000000,,-1,,,,,,
Ahrtal-Katastrophe,Ahrtal-Katastrophe,LOC,1.05263158,0.00000000,de,1.90000000,,-1,,,,,,
Ache,Ache,LOC,0.71052632,0.26315789,de,1.90000000,,-1,,,,,,
Unwetter,Unwetter,LOC,0.00000000,0.52631579,de,1.90000000,,-1,,,,,,
Außenwelt,Außenwelt,LOC,0.00000000,1.05263158,de,1.90000000,,-1,,,,,,
Selkestraße,Selkestraße,LOC,1.05263158,0.00000000,de,1.90000000,,-1,,,,,,
Lafnitz,Lafnitz,LOC,0.00000000,0.00000000,de,1.90000000,4396424-2,2773159,X,47.36666900,16.01667000,EUROPE,Austria,WCE
Fango,Fango,LOC,0.00000000,0.00000000,de,1.90000000,,-1,,,,,,
Klagenfurt,Klagenfurt,LOC,-0.15789474,0.00000000,de,1.90000000,4030921-6,2774326,X,46.62472200,14.30527700,EUROPE,Austria,WCE
Glan,Glan,LOC,-0.52631579,0.00000000,de,1.90000000,,-1,,,,,,
Poppichl,Poppichl,LOC,-0.52631579,0.00000000,de,1.90000000,,-1,,,,,,
Flood Re,Flood Re,LOC,0.73684211,0.00000000,de,1.90000000,,-1,,,,,,
britische Regierung,britische Regierung,LOC,0.73684211,0.00000000,de,1.90000000,,-1,,,,,,
Oberfranken,Oberfranken,LOC,0.00000000,0.00000000,de,1.90000000,,-1,,,,,,
KI-Funktionen,KI-Funktionen,LOC,0.00000000,0.00000000,de,1.90000000,,-1,,,,,,
de…,de…,LOC,0.00000000,0.00000000,de,1.90000000,,-1,,,,,,
Dietenbach Hochwasserdämme,Dietenbach Hochwasserdämme,LOC,-0.36842105,0.00000000,de,1.90000000,,-1,,,,,,
Flusses Euphrat,Flusses Euphrat,LOC,0.00000000,0.00000000,de,1.90000000,,-1,,,,,,
zweitwärmste,zweitwärmste,LOC,0.00000000,0.00000000,de,1.90000000,,-1,,,,,,
Gange,Gange,LOC,0.36842105,0.00000000,de,1.90000000,,-1,,,,,,
St…,St…,LOC,0.00000000,0.00000000,de,1.90000000,,-1,,,,,,
Hérault,Hérault,LOC,0.52631579,0.00000000,de,1.90000000,,-1,,,,,,
Département,Département,LOC,0.52631579,0.00000000,de,1.90000000,,-1,,,,,,
Neustadt/Weinstraße,Neustadt/Weinstraße,LOC,0.18421053,0.43859649,de,1.90000000,,-1,,,,,,
Freiburg,Freiburg,LOC,-0.36842105,0.00000000,de,1.90000000,,-1,,,,,,
Oberwart,Oberwart,LOC,0.00000000,0.00000000,de,1.90000000,4043013-3,2769623,X,47.28970900,16.20595000,EUROPE,Austria,WCE
Viktring,Viktring,LOC,0.38888889,0.00000000,de,1.80000000,4305817-6,2762375,X,46.59194000,14.26917000,EUROPE,Austria,WCE
Elbdeichs,Elbdeichs,LOC,0.00000000,0.00000000,de,1.80000000,,-1,,,,,,
Deichsystem,Deichsystem,LOC,0.00000000,0.00000000,de,1.80000000,,-1,,,,,,
St. Pölten-Harland,St. Pölten-Harland,LOC,0.38888889,0.00000000,de,1.80000000,,-1,,,,,,
Landesregierungen,Landesregierungen,LOC,0.00000000,0.00000000,de,1.80000000,,-1,,,,,,
Ems,Ems,LOC,0.00000000,0.00000000,de,1.80000000,4014614-5,2953507,X,50.33527700,7.71361100,EUROPE,Germany,WCE
Weser,Weser,LOC,0.00000000,0.00000000,de,1.80000000,,-1,,,,,,
Nordseeinseln,Nordseeinseln,LOC,-0.38888889,0.00000000,de,1.80000000,,-1,,,,,,
Simbach,Simbach,LOC,0.43750000,0.00000000,de,1.60000000,,-1,,,,,,
Belgorod,Belgorod,LOC,0.00000000,0.00000000,de,1.60000000,4005409-3,578072,X,50.61073900,36.58015000,EUROPE,Russia,WCE
Neuenfelde,Neuenfelde,LOC,-0.87500000,0.00000000,de,1.60000000,1240715129,2865735,X,53.51829000,9.79828000,EUROPE,Germany,NEU
Stadt Salzburg,Stadt Salzburg,LOC,0.00000000,0.00000000,de,1.60000000,4076982-3,2766824,X,47.79916600,13.04388800,EUROPE,Austria,WCE
Kreis Pinneberg,Kreis Pinneberg,LOC,-0.53125000,0.62500000,de,1.60000000,,-1,,,,,,
Oulu,Oulu,LOC,0.00000000,0.00000000,de,1.60000000,4116840-9,643492,X,65.01236000,25.46816000,EUROPE,Finland,NEU
Regenchaos,Regenchaos,LOC,0.00000000,0.00000000,de,1.60000000,,-1,,,,,,
Alaskas,Alaskas,LOC,0.00000000,0.00000000,de,1.40000000,,-1,,,,,,
Taifun Halong,Taifun Halong,LOC,0.00000000,0.00000000,de,1.40000000,,-1,,,,,,
Orkanböen,Orkanböen,LOC,-1.42857143,0.00000000,de,1.40000000,,-1,,,,,,
Sylt-Fähren,Sylt-Fähren,LOC,-1.00000000,0.00000000,de,1.40000000,,-1,,,,,,
Bualoi,Bualoi,LOC,0.00000000,0.00000000,de,1.40000000,,-1,,,,,,
Fährausfälle,Fährausfälle,LOC,-1.42857143,0.00000000,de,1.40000000,,-1,,,,,,
England,England,LOC,0.00000000,0.00000000,de,1.30000000,4014770-8,6269131,X,52.16044900,-0.70312000,EUROPE,United Kingdom,NEU
Triestingtal,Triestingtal,LOC,0.00000000,0.00000000,de,1.30000000,,-1,,,,,,
Retzer Land,Retzer Land,LOC,0.00000000,0.00000000,de,1.30000000,,-1,,,,,,
Pazifik,Pazifik,LOC,-0.53846154,0.76923077,de,1.30000000,4044981-6,2363254,X,3.51342000,-132.18750000,PACIFIC,,EPO
Emsland,Emsland,LOC,0.00000000,0.00000000,de,1.30000000,,-1,,,,,,
Belarus,Belarus,LOC,1.07692308,0.00000000,de,1.30000000,4079143-9,630336,X,53.00000000,28.00000000,EUROPE,Belarus,WCE
Leipzig,Leipzig,LOC,0.76923077,0.00000000,de,1.30000000,4035206-7,2879139,X,51.33944400,12.37111100,EUROPE,Germany,WCE
Millionenhöhe,Millionenhöhe,LOC,0.00000000,0.00000000,de,1.30000000,,-1,,,,,,
Vereinigten Staaten,Vereinigten Staaten,LOC,-1.00000000,0.00000000,de,1.00000000,,-1,,,,,,
Pinneberg,Pinneberg,LOC,-0.42500000,0.50000000,de,1.00000000,4103401-6,2853658,X,53.66722200,9.78916600,EUROPE,Germany,NEU
Rettung des Wals,Rettung des Wals,LOC,-1.00000000,0.00000000,de,1.00000000,,-1,,,,,,
Rechnungshof,Rechnungshof,LOC,0.00000000,1.00000000,de,1.00000000,,-1,,,,,,
Milders nac…,Milders nac…,LOC,-0.70000000,0.00000000,de,1.00000000,,-1,,,,,,
Kraft,Kraft,LOC,0.00000000,0.00000000,de,1.00000000,,-1,,,,,,
Übelbach,Übelbach,LOC,-0.50000000,0.50000000,de,1.00000000,4493853-6,2763209,X,47.22534000,15.23615000,EUROPE,Austria,WCE
Gestrandeter Buckelwal,Gestrandeter Buckelwal,LOC,-0.70000000,0.00000000,de,1.00000000,,-1,,,,,,
Baustart,Baustart,LOC,0.00000000,0.00000000,de,1.00000000,,-1,,,,,,
Provinz Guangxi,Provinz Guangxi,LOC,0.00000000,0.00000000,de,1.00000000,,-1,,,,,,
Maysak,Maysak,LOC,0.00000000,0.00000000,de,1.00000000,,-1,,,,,,
Uni Wien,Uni Wien,LOC,0.00000000,0.00000000,de,1.00000000,,-1,,,,,,
Guangxi,Guangxi,LOC,0.00000000,0.00000000,de,1.00000000,4266903-0,1809867,X,24.00000000,109.00000000,ASIA,China,EAS
Brogsitter Sanct Peter,Brogsitter Sanct Peter,LOC,0.00000000,0.00000000,de,1.00000000,,-1,,,,,,
Bad Neuenahr/Ahrweiler,Bad Neuenahr/Ahrweiler,LOC,1.00000000,0.00000000,de,1.00000000,,-1,,,,,,
Gansu,Gansu,LOC,1.00000000,0.00000000,de,1.00000000,4097624-5,1810676,X,38.00000000,102.00000000,ASIA,China,ECA
Zentral- und Südchina,Zentral- und Südchina,LOC,-0.43333333,0.00000000,de,1.00000000,,-1,,,,,,
Notschöpfen,Notschöpfen,LOC,-0.42500000,0.50000000,de,1.00000000,,-1,,,,,,
lno,lno,LOC,-0.42500000,0.50000000,de,1.00000000,,-1,,,,,,
Bagger,Bagger,LOC,0.00000000,0.00000000,de,1.00000000,,-1,,,,,,
Idaho,Idaho,LOC,-1.00000000,0.00000000,de,1.00000000,4026462-2,5596512,X,44.50019900,-114.25118000,NORTH-AMERICA,United States,WNA
Messe Interschutz,Messe Interschutz,LOC,-1.00000000,0.00000000,de,1.00000000,,-1,,,,,,
Milliardenhöhe,Milliardenhöhe,LOC,0.00000000,1.00000000,de,1.00000000,,-1,,,,,,
Arizona,Arizona,LOC,-1.00000000,0.00000000,de,1.00000000,4002920-7,5551752,X,34.50030000,-111.50097900,NORTH-AMERICA,United States,WNA
Pazifikinseln,Pazifikinseln,LOC,0.70000000,0.00000000,de,1.00000000,,-1,,,,,,
Staaten,Staaten,LOC,-1.00000000,0.00000000,de,1.00000000,,-1,,,,,,
Rekordhitzewelle,Rekordhitzewelle,LOC,-1.00000000,0.00000000,de,1.00000000,,-1,,,,,,
Timmendorfer,Timmendorfer,LOC,-0.70000000,0.00000000,de,1.00000000,,-1,,,,,,
Xinhua,Xinhua,LOC,0.00000000,0.00000000,de,1.00000000,,-1,,,,,,
Oberbergbach,Oberbergbach,LOC,-0.70000000,0.00000000,de,1.00000000,,-1,,,,,,
Milders,Milders,LOC,0.00000000,0.00000000,de,1.00000000,,-1,,,,,,
Neustift,Neustift,LOC,-0.70000000,0.00000000,de,1.00000000,,-1,,,,,,
Bundesverwaltungsgericht,Bundesverwaltungsgericht,LOC,1.00000000,0.00000000,de,1.00000000,,-1,,,,,,
Gschnitztal,Gschnitztal,LOC,0.00000000,0.00000000,de,1.00000000,,-1,,,,,,
Nord-,Nord-,LOC,0.00000000,0.00000000,de,1.00000000,,-1,,,,,,
Dammbruch,Dammbruch,LOC,0.00000000,0.00000000,de,1.00000000,,-1,,,,,,
Zentralchina,Zentralchina,LOC,0.00000000,0.00000000,de,1.00000000,,-1,,,,,,
Suhl,Suhl,LOC,0.00000000,0.00000000,de,1.00000000,4058526-8,2824948,X,50.60911000,10.69401000,EUROPE,Germany,WCE
Fahrafeld,Fahrafeld,LOC,0.00000000,0.00000000,de,1.00000000,,-1,,,,,,
Berichtsdeutsch,Berichtsdeutsch,LOC,0.70000000,0.00000000,de,1.00000000,,-1,,,,,,
Behördenangaben,Behördenangaben,LOC,0.00000000,0.00000000,de,1.00000000,,-1,,,,,,
Kaschmir,Kaschmir,LOC,0.00000000,0.00000000,de,1.00000000,,-1,,,,,,
verg…,verg…,LOC,0.00000000,0.00000000,de,1.00000000,,-1,,,,,,
Kerrville,Kerrville,LOC,0.00000000,0.00000000,de,1.00000000,,-1,,,,,,
Temperaturen,Temperaturen,LOC,0.00000000,0.00000000,de,1.00000000,,-1,,,,,,
Nordafrikas,Nordafrikas,LOC,0.00000000,0.00000000,de,1.00000000,,-1,,,,,,
Westeuropas,Westeuropas,LOC,0.00000000,0.00000000,de,1.00000000,,-1,,,,,,
Heftiger Regen,Heftiger Regen,LOC,0.00000000,0.00000000,de,1.00000000,,-1,,,,,,
Nachbarn Deutschland,Nachbarn Deutschland,LOC,-1.00000000,0.00000000,de,1.00000000,,-1,,,,,,
Hochwasserschutz an Donau,Hochwasserschutz an Donau,LOC,0.00000000,0.00000000,de,1.00000000,,-1,,,,,,
Salzburgs,Salzburgs,LOC,0.00000000,1.00000000,de,1.00000000,,-1,,,,,,
Katzhof,Katzhof,LOC,0.70000000,0.00000000,de,1.00000000,,-1,,,,,,
Jammu,Jammu,LOC,0.00000000,0.00000000,de,1.00000000,4387357-1,1269321,X,32.73568900,74.86911000,ASIA,India,WCA
Weißen Elster,Weißen Elster,LOC,0.00000000,0.00000000,de,1.00000000,,-1,,,,,,
Anlandun…,Anlandun…,LOC,-1.00000000,0.00000000,de,1.00000000,,-1,,,,,,
Euphrat-Hochwasser,Euphrat-Hochwasser,LOC,0.70000000,0.00000000,de,1.00000000,,-1,,,,,,
Landkreis Stendal,Landkreis Stendal,LOC,0.70000000,0.00000000,de,1.00000000,,-1,,,,,,
Weißen Elster“,Weißen Elster“,LOC,0.00000000,0.00000000,de,1.00000000,,-1,,,,,,
Caaschwitz,Caaschwitz,LOC,0.00000000,0.00000000,de,1.00000000,1022748181,2940436,X,50.95000000,12.00000000,EUROPE,Germany,WCE
Landkr…,Landkr…,LOC,0.00000000,0.00000000,de,1.00000000,,-1,,,,,,
Syrien,Syrien,LOC,0.70000000,0.00000000,de,1.00000000,4058794-0,163843,X,35.00000000,38.00000000,EUROPE-AFRICA,Syria,MED
Lagos,Lagos,LOC,0.00000000,0.00000000,de,1.00000000,4111183-7,2332459,X,6.45305900,3.39583000,AFRICA,,WAF
Ill im Walgau,Ill im Walgau,LOC,0.85000000,0.00000000,de,1.00000000,,-1,,,,,,
Kempten,Kempten,LOC,0.00000000,0.00000000,de,1.00000000,4030234-9,2891621,X,47.72673900,10.31389000,EUROPE,Germany,WCE
Polizeipräsidien,Polizeipräsidien,LOC,0.00000000,0.00000000,de,1.00000000,,-1,,,,,,
Leichenteile in Donau,Leichenteile in Donau,LOC,0.00000000,0.00000000,de,1.00000000,,-1,,,,,,
Corona-Pandemie,Corona-Pandemie,LOC,0.00000000,0.00000000,de,1.00000000,,-1,,,,,,
Lawinen,Lawinen,LOC,0.70000000,0.00000000,de,1.00000000,,-1,,,,,,
Texas Hill,Texas Hill,LOC,0.00000000,0.00000000,de,1.00000000,,-1,,,,,,
Davos,Davos,LOC,0.00000000,0.00000000,de,1.00000000,4011220-2,2661039,X,46.80416600,9.83722200,EUROPE,Switzerland,WCE
Engstellen,Engstellen,LOC,-1.00000000,0.00000000,de,1.00000000,,-1,,,,,,
Rechtsnachfolger,Rechtsnachfolger,LOC,0.00000000,0.00000000,de,1.00000000,,-1,,,,,,
Hochwasserschutzprojekt,Hochwasserschutzprojekt,LOC,0.00000000,0.00000000,de,1.00000000,,-1,,,,,,
Haus im Ahrtal,Haus im Ahrtal,LOC,0.00000000,0.00000000,de,1.00000000,,-1,,,,,,
Mayschoß,Mayschoß,LOC,0.00000000,0.00000000,de,1.00000000,4209136-6,2872625,X,50.53332900,7.01667000,EUROPE,Germany,WCE
Hilfsanträgen,Hilfsanträgen,LOC,0.00000000,0.00000000,de,1.00000000,,-1,,,,,,
<em>tagesthemen</em>-Interview,<em>tagesthemen</em>-Interview,LOC,0.00000000,0.00000000,de,1.00000000,,-1,,,,,,
Herr Schüttrumpf,Herr Schüttrumpf,LOC,0.00000000,0.00000000,de,1.00000000,,-1,,,,,,
Kommunen,Kommunen,LOC,0.70000000,0.00000000,de,1.00000000,,-1,,,,,,
Rhesi-Beschluss,Rhesi-Beschluss,LOC,0.00000000,0.00000000,de,1.00000000,,-1,,,,,,
Port…,Port…,LOC,0.00000000,0.00000000,de,1.00000000,,-1,,,,,,
Ahr-Flut,Ahr-Flut,LOC,0.00000000,0.00000000,de,1.00000000,,-1,,,,,,
Nürnberg,Nürnberg,LOC,0.00000000,0.00000000,de,1.00000000,4042742-0,2861650,X,49.45416600,11.07750000,EUROPE,Germany,WCE
Pollenflugvorher,Pollenflugvorher,LOC,0.00000000,0.00000000,de,1.00000000,,-1,,,,,,
Fürth,Fürth,LOC,0.00000000,0.00000000,de,1.00000000,,-1,,,,,,
Erlangen,Erlangen,LOC,0.00000000,0.00000000,de,1.00000000,4015299-6,2929567,X,49.59098900,11.00783000,EUROPE,Germany,WCE
Argentiniens,Argentiniens,LOC,0.00000000,0.00000000,de,1.00000000,,-1,,,,,,
Klimawandels,Klimawandels,LOC,0.00000000,0.00000000,de,1.00000000,,-1,,,,,,
Provinz Tucumán,Provinz Tucumán,LOC,0.00000000,0.00000000,de,1.00000000,,-1,,,,,,
Katastrophenfällen,Katastrophenfällen,LOC,0.00000000,0.00000000,de,1.00000000,,-1,,,,,,
Stromausfälle,Stromausfälle,LOC,0.70000000,0.00000000,de,1.00000000,,-1,,,,,,
weiterlesenNürnberg,weiterlesenNürnberg,LOC,0.00000000,0.00000000,de,1.00000000,,-1,,,,,,
Alpenraum,Alpenraum,LOC,0.00000000,1.00000000,de,1.00000000,,-1,,,,,,
Stifts St. Peter…,Stifts St. Peter…,LOC,0.00000000,0.00000000,de,1.00000000,,-1,,,,,,
Flutkatastrophe am 14,Flutkatastrophe am 14,LOC,0.00000000,0.00000000,de,1.00000000,,-1,,,,,,
Bezirk Innsbruck-Land,Bezirk Innsbruck-Land,LOC,0.00000000,0.00000000,de,1.00000000,,-1,,,,,,
Gewässeraufweitungen,Gewässeraufweitungen,LOC,0.00000000,0.00000000,de,1.00000000,,-1,,,,,,
Antheringer Au,Antheringer Au,LOC,0.00000000,0.00000000,de,1.00000000,,-1,,,,,,
Elementarschäden w…,Elementarschäden w…,LOC,0.00000000,1.00000000,de,1.00000000,,-1,,,,,,
MV,MV,LOC,0.00000000,0.00000000,de,1.00000000,,-1,,,,,,
Waldbränden,Waldbränden,LOC,0.70000000,0.00000000,de,1.00000000,,-1,,,,,,
Prada,Prada,LOC,0.70000000,0.00000000,de,1.00000000,,-1,,,,,,
Buckelwal Timmy,Buckelwal Timmy,LOC,0.00000000,0.00000000,de,1.00000000,,-1,,,,,,
Wismarer Bucht vor Poel,Wismarer Bucht vor Poel,LOC,0.00000000,0.00000000,de,1.00000000,,-1,,,,,,
b…,b…,LOC,-0.70000000,0.00000000,de,1.00000000,,-1,,,,,,
Niedersachs…,Niedersachs…,LOC,0.35000000,0.50000000,de,1.00000000,,-1,,,,,,
Mühlbach,Mühlbach,LOC,0.00000000,0.00000000,de,1.00000000,,-1,,,,,,
Ahr…,Ahr…,LOC,0.00000000,0.00000000,de,1.00000000,,-1,,,,,,
Retentionsräume,Retentionsräume,LOC,0.00000000,0.00000000,de,1.00000000,,-1,,,,,,
Rappenloch,Rappenloch,LOC,0.26250000,0.00000000,de,1.00000000,,-1,,,,,,
Jänner,Jänner,LOC,0.00000000,0.00000000,de,1.00000000,,-1,,,,,,
Staufensees,Staufensees,LOC,0.00000000,0.00000000,de,1.00000000,,-1,,,,,,
Blitzeinschlag,Blitzeinschlag,LOC,0.00000000,0.00000000,de,1.00000000,,-1,,,,,,
Gewittern,Gewittern,LOC,-0.70000000,0.00000000,de,1.00000000,,-1,,,,,,
TTS-Player überspringenArtikel weiterlesenKaum,TTS-Player überspringenArtikel weiterlesenKaum,LOC,-1.00000000,0.00000000,de,1.00000000,,-1,,,,,,
Viöl,Viöl,LOC,-0.85000000,0.00000000,de,1.00000000,2113814-X,2817154,X,54.56666600,9.18333300,EUROPE,Germany,NEU
Flensburg,Flensburg,LOC,-0.85000000,0.00000000,de,1.00000000,4017506-6,2926271,X,54.78416600,9.43944400,EUROPE,Germany,NEU
Murtaler,Murtaler,LOC,0.00000000,0.00000000,de,1.00000000,,-1,,,,,,
Reisebericht,Reisebericht,LOC,0.00000000,0.00000000,de,1.00000000,,-1,,,,,,
Finnland,Finnland,LOC,0.00000000,0.00000000,de,1.00000000,4017243-0,660013,X,64.00000000,26.00000000,EUROPE,Finland,NEU
Afritz,Afritz,LOC,0.70000000,0.00000000,de,1.00000000,4210377-0,2782962,X,46.72693900,13.80749900,EUROPE,Austria,WCE
Hochwasserdämme,Hochwasserdämme,LOC,0.00000000,0.00000000,de,1.00000000,,-1,,,,,,
Hochwasserfall,Hochwasserfall,LOC,1.00000000,0.00000000,de,1.00000000,,-1,,,,,,
Kärnten,Kärnten,LOC,0.70000000,0.00000000,de,1.00000000,4029175-3,2774686,X,46.75000000,13.83333000,EUROPE,Austria,WCE
schwarz-blaue Landesregierung,schwarz-blaue Landesregierung,LOC,0.00000000,0.00000000,de,1.00000000,,-1,,,,,,
Vers…,Vers…,LOC,0.00000000,0.00000000,de,1.00000000,,-1,,,,,,
Naturkatastrophenschäden,Naturkatastrophenschäden,LOC,1.00000000,0.00000000,de,1.00000000,,-1,,,,,,
Erzdiözese Salzburg,Erzdiözese Salzburg,LOC,0.00000000,0.00000000,de,1.00000000,,-1,,,,,,
Gemeinde St. Ulrich am Pillersee,Gemeinde St. Ulrich am Pillersee,LOC,0.00000000,0.00000000,de,1.00000000,,-1,,,,,,
Hochwasserschutzprojekts,Hochwasserschutzprojekts,LOC,0.00000000,0.00000000,de,1.00000000,,-1,,,,,,
Bezirk Kitzbühel,Bezirk Kitzbühel,LOC,0.00000000,0.00000000,de,1.00000000,,-1,,,,,,
Waidring,Waidring,LOC,0.00000000,0.00000000,de,1.00000000,4272106-4,2762070,X,47.58332900,12.56667000,EUROPE,Austria,WCE
St. Ulrich am Pillersee,St. Ulrich am Pillersee,LOC,0.00000000,0.00000000,de,1.00000000,4620126-9,2766374,X,47.53332900,12.56667000,EUROPE,Austria,WCE
Reutlingen,Reutlingen,LOC,0.00000000,0.00000000,de,1.00000000,4049657-0,2847736,X,48.49143900,9.20426900,EUROPE,Germany,WCE
Mittersill …,Mittersill …,LOC,0.00000000,0.00000000,de,1.00000000,,-1,,,,,,
Dommuseum,Dommuseum,LOC,0.00000000,0.00000000,de,1.00000000,,-1,,,,,,
London,London,LOC,-1.00000000,0.00000000,de,1.00000000,4074335-4,2643743,X,51.50853000,-0.12574000,EUROPE,United Kingdom,NEU
Leoben,Leoben,LOC,0.00000000,0.00000000,de,1.00000000,4035360-6,2772649,X,47.37650000,15.09144000,EUROPE,Austria,WCE
Salzburg Museum,Salzburg Museum,LOC,0.00000000,0.00000000,de,1.00000000,,-1,,,,,,
Biber,Biber,LOC,0.00000000,0.00000000,de,1.00000000,,-1,,,,,,
Londons,Londons,LOC,0.00000000,0.00000000,de,1.00000000,,-1,,,,,,
Hochwasser-Dämme,Hochwasser-Dämme,LOC,0.70000000,0.00000000,de,1.00000000,,-1,,,,,,
Kilometerlange Dämme,Kilometerlange Dämme,LOC,0.70000000,0.00000000,de,1.00000000,,-1,,,,,,
unterdurchsch…,unterdurchsch…,LOC,0.70000000,0.00000000,de,1.00000000,,-1,,,,,,
Hochwasserschutz,Hochwasserschutz,LOC,0.00000000,0.00000000,de,1.00000000,,-1,,,,,,
Landesamt für Umwelt- und Arbeitsschutz Saarland,Landesamt für Umwelt- und Arbeitsschutz Saarland,LOC,0.70000000,0.00000000,de,1.00000000,,-1,,,,,,
h…,h…,LOC,0.70000000,0.00000000,de,1.00000000,,-1,,,,,,
Mattig,Mattig,LOC,0.70000000,0.00000000,de,1.00000000,,-1,,,,,,
Salzburg,Salzburg,LOC,0.00000000,0.00000000,de,1.00000000,4076982-3,2766824,X,47.79916600,13.04388800,EUROPE,Austria,WCE
Sachschaden,Sachschaden,LOC,0.00000000,0.00000000,de,1.00000000,,-1,,,,,,
Extremwetter,Extremwetter,LOC,0.00000000,0.00000000,de,1.00000000,,-1,,,,,,
Kärntner,Kärntner,LOC,0.00000000,1.00000000,de,1.00000000,,-1,,,,,,
Naturgefahrenmanagement,Naturgefahrenmanagement,LOC,0.00000000,0.00000000,de,1.00000000,,-1,,,,,,
Gegendtal,Gegendtal,LOC,0.00000000,0.00000000,de,1.00000000,,-1,,,,,,
e…,e…,LOC,0.00000000,1.00000000,de,1.00000000,,-1,,,,,,
Norwegen-Senegal,Norwegen-Senegal,LOC,-0.70000000,0.00000000,de,1.00000000,,-1,,,,,,
Senegal,Senegal,LOC,0.00000000,0.00000000,de,1.00000000,4054529-5,2245662,X,14.00000000,-14.00000000,AFRICA,Senegal,WAF
Warnkette,Warnkette,LOC,0.00000000,1.00000000,de,1.00000000,,-1,,,,,,
Flutkatastrophe an der Ahr,Flutkatastrophe an der Ahr,LOC,0.00000000,1.00000000,de,1.00000000,,-1,,,,,,
Grundwasserreserven,Grundwasserreserven,LOC,-0.35000000,0.50000000,de,1.00000000,,-1,,,,,,
Niederländer,Niederländer,LOC,-1.00000000,0.00000000,de,1.00000000,,-1,,,,,,
Rentner,Rentner,LOC,0.00000000,0.00000000,de,1.00000000,,-1,,,,,,
verh…,verh…,LOC,0.00000000,1.00000000,de,1.00000000,,-1,,,,,,
Königshaus,Königshaus,LOC,0.00000000,0.00000000,de,1.00000000,,-1,,,,,,
Temperaturen Rekorde,Temperaturen Rekorde,LOC,1.00000000,0.00000000,de,1.00000000,,-1,,,,,,
schwül-heißen Luft,schwül-heißen Luft,LOC,0.00000000,0.00000000,de,1.00000000,,-1,,,,,,
Luftmassen,Luftmassen,LOC,-0.70000000,0.00000000,de,1.00000000,,-1,,,,,,
warm-feuchte,warm-feuchte,LOC,-0.70000000,0.00000000,de,1.00000000,,-1,,,,,,
Ansicht von Wissenschaftlern und Versicherern,Ansicht von Wissenschaftlern und Versicherern,LOC,0.00000000,0.00000000,de,1.00000000,,-1,,,,,,
Halle/Magdeburg,Halle/Magdeburg,LOC,0.00000000,0.00000000,de,1.00000000,,-1,,,,,,
Briten,Briten,LOC,0.00000000,0.00000000,de,1.00000000,1104149389,2943701,X,51.42818000,14.18344000,EUROPE,Germany,WCE
Fehlalarm,Fehlalarm,LOC,0.00000000,0.00000000,de,1.00000000,,-1,,,,,,
Stadtbild</li><li,Stadtbild</li><li,LOC,0.70000000,0.00000000,de,1.00000000,,-1,,,,,,
Donauinsel,Donauinsel,LOC,0.00000000,0.00000000,de,1.00000000,,-1,,,,,,
Alpenrhein,Alpenrhein,LOC,0.70000000,0.00000000,de,1.00000000,,-1,,,,,,
Neuheiten,Neuheiten,LOC,0.00000000,0.00000000,de,1.00000000,,-1,,,,,,
Big Ben,Big Ben,LOC,0.00000000,0.00000000,de,1.00000000,,-1,,,,,,
Vormittag w…,Vormittag w…,LOC,0.00000000,0.00000000,de,1.00000000,,-1,,,,,,
Montagabend,Montagabend,LOC,0.00000000,0.00000000,de,1.00000000,,-1,,,,,,
Grund,Grund,LOC,0.00000000,0.00000000,de,1.00000000,,-1,,,,,,
Neustift im Stubaital,Neustift im Stubaital,LOC,0.00000000,0.00000000,de,1.00000000,4126139-2,2770651,X,47.11666900,11.31667000,EUROPE,Austria,WCE
New Yorks,New Yorks,LOC,0.00000000,0.00000000,de,1.00000000,,-1,,,,,,
Nationalpark-Kernzone,Nationalpark-Kernzone,LOC,-0.35000000,0.50000000,de,1.00000000,,-1,,,,,,
Schutzwasserverbands Murtal-Süd,Schutzwasserverbands Murtal-Süd,LOC,1.00000000,0.00000000,de,1.00000000,,-1,,,,,,
Natura-2000-Gebiet,Natura-2000-Gebiet,LOC,-0.35000000,0.50000000,de,1.00000000,,-1,,,,,,
Schöcklbaches,Schöcklbaches,LOC,0.00000000,0.00000000,de,1.00000000,,-1,,,,,,
Dagestan,Dagestan,LOC,0.70000000,0.00000000,de,1.00000000,,-1,,,,,,
Gefahrenmanagement,Gefahrenmanagement,LOC,1.00000000,0.00000000,de,1.00000000,,-1,,,,,,
Derbent,Derbent,LOC,0.00000000,0.00000000,de,1.00000000,,-1,,,,,,
Schöcklbach,Schöcklbach,LOC,0.70000000,0.00000000,de,1.00000000,,-1,,,,,,
Kaspischen Meer,Kaspischen Meer,LOC,0.00000000,0.00000000,de,1.00000000,,-1,,,,,,
Erftstadt-Blessem,Erftstadt-Blessem,LOC,-1.00000000,0.00000000,de,1.00000000,4695010-2,2947798,X,50.81092000,6.79760000,EUROPE,Germany,WCE
Hochwasserschutzes,Hochwasserschutzes,LOC,0.70000000,0.00000000,de,1.00000000,,-1,,,,,,
Krisen-Vorsorge,Krisen-Vorsorge,LOC,0.00000000,0.00000000,de,1.00000000,,-1,,,,,,
Blackouts,Blackouts,LOC,0.70000000,0.00000000,de,1.00000000,,-1,,,,,,
Donauausbau,Donauausbau,LOC,0.00000000,0.00000000,de,1.00000000,,-1,,,,,,
Krisenlagen,Krisenlagen,LOC,0.70000000,0.00000000,de,1.00000000,,-1,,,,,,
Hochwasserschutz-Projekt,Hochwasserschutz-Projekt,LOC,0.00000000,0.00000000,de,1.00000000,,-1,,,,,,
Mülltour,Mülltour,LOC,0.00000000,0.00000000,de,1.00000000,,-1,,,,,,
Zielgeraden,Zielgeraden,LOC,0.00000000,0.00000000,de,1.00000000,,-1,,,,,,
noe,noe,LOC,0.00000000,0.00000000,de,1.00000000,,-1,,,,,,
March,March,LOC,0.70000000,0.00000000,de,1.00000000,,-1,,,,,,
Morgengrauen,Morgengrauen,LOC,0.00000000,0.00000000,de,1.00000000,,-1,,,,,,
March-Hochwasser Dürnkrut,March-Hochwasser Dürnkrut,LOC,0.70000000,0.00000000,de,1.00000000,,-1,,,,,,
Nationalparks,Nationalparks,LOC,0.70000000,0.00000000,de,1.00000000,,-1,,,,,,
Geschwätzes,Geschwätzes,LOC,0.00000000,0.00000000,de,1.00000000,,-1,,,,,,
Landschaftsschutzgebiet,Landschaftsschutzgebiet,LOC,-0.35000000,0.50000000,de,1.00000000,,-1,,,,,,
Unimog,Unimog,LOC,0.00000000,0.00000000,de,1.00000000,,-1,,,,,,
Lünen,Lünen,LOC,0.00000000,0.00000000,de,1.00000000,4036521-9,2875107,X,51.61634000,7.52871900,EUROPE,Germany,WCE
Naturdenkmal,Naturdenkmal,LOC,-0.35000000,0.50000000,de,1.00000000,,-1,,,,,,
Bisamjagd,Bisamjagd,LOC,-1.00000000,0.00000000,de,1.00000000,,-1,,,,,,
Oberläufen der Fließgewässer,Oberläufen der Fließgewässer,LOC,0.00000000,0.00000000,de,1.00000000,,-1,,,,,,
Dietenbach,Dietenbach,LOC,0.00000000,0.00000000,de,1.00000000,,-1,,,,,,
EU-Solidaritätsfonds,EU-Solidaritätsfonds,LOC,0.00000000,0.00000000,de,1.00000000,,-1,,,,,,
Taifunen,Taifunen,LOC,-1.00000000,0.00000000,de,1.00000000,,-1,,,,,,
s…,s…,LOC,0.00000000,0.00000000,de,1.00000000,,-1,,,,,,
Katastrophen,Katastrophen,LOC,0.00000000,1.00000000,de,1.00000000,,-1,,,,,,
asiatischen Landes am …,asiatischen Landes am …,LOC,-0.70000000,0.00000000,de,1.00000000,,-1,,,,,,
Wilhelmsburg,Wilhelmsburg,LOC,0.50000000,0.00000000,de,1.00000000,4343326-1,2761186,X,48.10571000,15.60538900,EUROPE,Austria,WCE
Ö3,Ö3,LOC,1.00000000,0.00000000,de,1.00000000,,-1,,,,,,
Brotbox,Brotbox,LOC,0.00000000,0.00000000,de,1.00000000,,-1,,,,,,
Kalmaegi,Kalmaegi,LOC,0.00000000,0.00000000,de,1.00000000,,-1,,,,,,
Opferbilanz,Opferbilanz,LOC,0.00000000,0.00000000,de,1.00000000,,-1,,,,,,
Fung-Wong,Fung-Wong,LOC,0.00000000,0.00000000,de,1.00000000,,-1,,,,,,
Tino,Tino,LOC,0.00000000,0.00000000,de,1.00000000,,-1,,,,,,
Uwan,Uwan,LOC,0.00000000,0.00000000,de,1.00000000,,-1,,,,,,
Gaza,Gaza,LOC,0.00000000,0.00000000,de,1.00000000,,-1,,,,,,
Gazastreifens,Gazastreifens,LOC,0.00000000,0.00000000,de,1.00000000,,-1,,,,,,
Israels,Israels,LOC,0.00000000,0.00000000,de,1.00000000,,-1,,,,,,
Inselstaat,Inselstaat,LOC,0.00000000,0.00000000,de,1.00000000,,-1,,,,,,
Opferb…,Opferb…,LOC,-0.70000000,0.00000000,de,1.00000000,,-1,,,,,,
Naturkatastrophe,Naturkatastrophe,LOC,0.00000000,0.00000000,de,1.00000000,,-1,,,,,,
Dämme,Dämme,LOC,0.00000000,0.00000000,de,1.00000000,,-1,,,,,,
B…,B…,LOC,0.70000000,0.00000000,de,1.00000000,,-1,,,,,,
Grimma,Grimma,LOC,-1.00000000,0.00000000,de,1.00000000,4022085-0,2917325,X,51.23366900,12.71959000,EUROPE,Germany,WCE
Wales,Wales,LOC,0.00000000,0.00000000,de,1.00000000,,-1,,,,,,
Großdemo,Großdemo,LOC,0.00000000,0.00000000,de,1.00000000,,-1,,,,,,
Wasserwirtschaftsfonds des Bundes,Wasserwirtschaftsfonds des Bundes,LOC,0.00000000,0.00000000,de,1.00000000,,-1,,,,,,
Dak Lak,Dak Lak,LOC,0.00000000,1.00000000,de,1.00000000,,-1,,,,,,
SüdostasienMillionen,SüdostasienMillionen,LOC,-0.70000000,0.00000000,de,1.00000000,,-1,,,,,,
Hat Yai,Hat Yai,LOC,0.00000000,0.00000000,de,1.00000000,4415782-4,1610780,X,7.00835900,100.47668000,ASIA,Thailand,SEA
Bangkok,Bangkok,LOC,0.00000000,0.00000000,de,1.00000000,4004432-4,1609350,X,13.75398000,100.50144000,ASIA,Thailand,SEA
Umsatzrekord,Umsatzrekord,LOC,0.70000000,0.00000000,de,1.00000000,,-1,,,,,,
Indonesiens,Indonesiens,LOC,0.70000000,0.00000000,de,1.00000000,,-1,,,,,,
Malaysias,Malaysias,LOC,0.70000000,0.00000000,de,1.00000000,,-1,,,,,,
M…,M…,LOC,0.00000000,0.00000000,de,1.00000000,,-1,,,,,,
Wasserverband Hochwasserschutz Unteres Inntal,Wasserverband Hochwasserschutz Unteres Inntal,LOC,0.00000000,0.00000000,de,1.00000000,,-1,,,,,,
Insel Sumatra,Insel Sumatra,LOC,0.00000000,1.00000000,de,1.00000000,,-1,,,,,,
Waffenproduzenten,Waffenproduzenten,LOC,0.00000000,0.00000000,de,1.00000000,,-1,,,,,,
Kürze,Kürze,LOC,0.00000000,0.00000000,de,1.00000000,,-1,,,,,,
Oldtimer,Oldtimer,LOC,0.00000000,0.00000000,de,1.00000000,,-1,,,,,,
Münchens,Münchens,LOC,0.00000000,0.00000000,de,1.00000000,,-1,,,,,,
Sintflutartiger Regen,Sintflutartiger Regen,LOC,0.00000000,0.00000000,de,1.00000000,,-1,,,,,,
Landes Hochwasserprognosen,Landes Hochwasserprognosen,LOC,0.70000000,0.00000000,de,1.00000000,,-1,,,,,,
Agly,Agly,LOC,0.70000000,0.00000000,de,1.00000000,,-1,,,,,,
Warschau,Warschau,LOC,0.00000000,0.00000000,de,1.00000000,4079048-4,756135,X,52.22977000,21.01178000,EUROPE,Poland,WCE
Orkan,Orkan,LOC,0.00000000,0.00000000,de,1.00000000,,-1,,,,,,
Stromausfall,Stromausfall,LOC,0.00000000,0.00000000,de,1.00000000,,-1,,,,,,
Wütet,Wütet,LOC,0.00000000,0.00000000,de,1.00000000,,-1,,,,,,
Sonntag Orkanböen,Sonntag Orkanböen,LOC,0.00000000,0.00000000,de,1.00000000,,-1,,,,,,
Granada,Granada,LOC,0.00000000,0.00000000,de,1.00000000,4021815-6,2517117,X,37.18816900,-3.60666900,EUROPE-AFRICA,Spain,MED
Wilhelmshaven/Husum,Wilhelmshaven/Husum,LOC,0.00000000,0.00000000,de,1.00000000,,-1,,,,,,
Nordamerika,Nordamerika,LOC,0.70000000,0.00000000,de,1.00000000,,-1,,,,,,
Tag,Tag,LOC,0.00000000,0.00000000,de,1.00000000,,-1,,,,,,
Gasteinertal,Gasteinertal,LOC,0.00000000,0.00000000,de,1.00000000,,-1,,,,,,
Dorfgastein,Dorfgastein,LOC,0.00000000,0.00000000,de,1.00000000,4091153-6,2780798,X,47.24172000,13.10223000,EUROPE,Austria,WCE
Anif,Anif,LOC,0.00000000,0.00000000,de,1.00000000,4204404-2,2782504,X,47.75000000,13.06667000,EUROPE,Austria,WCE
Elsbethen,Elsbethen,LOC,0.00000000,0.00000000,de,1.00000000,4442198-9,2780113,X,47.75000000,13.08333000,EUROPE,Austria,WCE
Flachgau,Flachgau,LOC,0.00000000,0.00000000,de,1.00000000,,-1,,,,,,
Hochwassergebiet,Hochwassergebiet,LOC,-0.70000000,0.00000000,de,1.00000000,,-1,,,,,,
Provinz Ravenna,Provinz Ravenna,LOC,0.00000000,0.00000000,de,1.00000000,,-1,,,,,,
Emilia-Romagna,Emilia-Romagna,LOC,0.00000000,0.00000000,de,1.00000000,4014571-2,3177401,X,44.75000000,11.00000000,EUROPE-AFRICA,Italy,MED
Norditalien,Norditalien,LOC,0.00000000,0.00000000,de,1.00000000,,-1,,,,,,
Speicherkraftwerk Hollersbach,Speicherkraftwerk Hollersbach,LOC,0.00000000,0.00000000,de,1.00000000,,-1,,,,,,
Flut-Angst,Flut-Angst,LOC,0.00000000,0.00000000,de,1.00000000,,-1,,,,,,
British Columbia,British Columbia,LOC,-0.70000000,0.00000000,de,1.00000000,4069670-4,5909050,X,53.99983000,-125.00320000,NORTH-AMERICA,Canada,NWN
US-Staat,US-Staat,LOC,0.00000000,0.00000000,de,1.00000000,,-1,,,,,,
Perschling,Perschling,LOC,0.00000000,0.00000000,de,1.00000000,,-1,,,,,,
Risikogebieten,Risikogebieten,LOC,0.00000000,0.00000000,de,1.00000000,,-1,,,,,,
Michelhausen,Michelhausen,LOC,0.00000000,0.00000000,de,1.00000000,4468514-2,2771618,X,48.29084900,15.93892900,EUROPE,Austria,WCE
Tullnerfeld,Tullnerfeld,LOC,0.70000000,0.00000000,de,1.00000000,,-1,,,,,,
Rust,Rust,LOC,0.70000000,0.00000000,de,1.00000000,4051052-9,2766939,X,47.80122000,16.67157900,EUROPE,Austria,WCE
Salzach-Kraftwerks,Salzach-Kraftwerks,LOC,0.00000000,0.00000000,de,1.00000000,,-1,,,,,,
Puch-Urstein,Puch-Urstein,LOC,0.00000000,0.00000000,de,1.00000000,,-1,,,,,,
Tennengau,Tennengau,LOC,0.00000000,0.00000000,de,1.00000000,,-1,,,,,,
Kraftwerk Urstein auszubaggern,Kraftwerk Urstein auszubaggern,LOC,0.00000000,0.00000000,de,1.00000000,,-1,,,,,,
Dubai,Dubai,LOC,-0.15000000,0.00000000,de,1.00000000,4204043-7,292224,X,25.00000000,55.33333300,ASIA,United Arab Emirates,ARP
Haus …,Haus …,LOC,0.00000000,0.00000000,de,1.00000000,,-1,,,,,,
Grundablass,Grundablass,LOC,0.70000000,0.00000000,de,1.00000000,,-1,,,,,,
Hochwasser-Messanlage,Hochwasser-Messanlage,LOC,0.00000000,0.00000000,de,1.00000000,,-1,,,,,,
Wegweiser Überflutungsvorsorge,Wegweiser Überflutungsvorsorge,LOC,0.00000000,0.00000000,de,1.00000000,,-1,,,,,,
adressgenau,adressgenau,LOC,0.00000000,0.00000000,de,1.00000000,,-1,,,,,,
Stadt investi…,Stadt investi…,LOC,0.00000000,0.00000000,de,1.00000000,,-1,,,,,,
manövrierunfähiger,manövrierunfähiger,LOC,0.00000000,0.00000000,de,1.00000000,,-1,,,,,,
Europas,Europas,LOC,0.00000000,0.00000000,de,1.00000000,,-1,,,,,,
Sturmtief Bäume,Sturmtief Bäume,LOC,0.00000000,0.00000000,de,1.00000000,,-1,,,,,,
Elb-Pegel St. Pauli,Elb-Pegel St. Pauli,LOC,0.00000000,1.00000000,de,1.00000000,,-1,,,,,,
Gmünd,Gmünd,LOC,0.00000000,0.00000000,de,1.00000000,,-1,,,,,,
Bezirk Gmünd,Bezirk Gmünd,LOC,0.00000000,0.00000000,de,1.00000000,,-1,,,,,,
Braunaubachs,Braunaubachs,LOC,0.70000000,0.00000000,de,1.00000000,,-1,,,,,,
Braunaubaches,Braunaubaches,LOC,0.00000000,0.00000000,de,1.00000000,,-1,,,,,,
Zentrum,Zentrum,LOC,0.70000000,0.00000000,de,1.00000000,,-1,,,,,,
Bezirk Kufstein,Bezirk Kufstein,LOC,0.70000000,0.00000000,de,1.00000000,,-1,,,,,,
Klimagerechtes,Klimagerechtes,LOC,0.00000000,0.00000000,de,1.00000000,,-1,,,,,,
Haus,Haus,LOC,0.00000000,0.00000000,de,1.00000000,,-1,,,,,,
Unwettern,Unwettern,LOC,0.70000000,0.00000000,de,1.00000000,,-1,,,,,,
Veracruz,Veracruz,LOC,0.00000000,0.00000000,de,1.00000000,4672198-8,3514783,X,19.18083300,-96.14277700,CENTRAL-AMERICA,Mexico,SCA
Cazones,Cazones,LOC,0.00000000,0.00000000,de,1.00000000,,-1,,,,,,
Poza Rica,Poza Rica,LOC,0.00000000,0.00000000,de,1.00000000,,-1,,,,,,
Emden,Emden,LOC,0.00000000,0.00000000,de,1.00000000,4014564-5,2930596,X,53.36744900,7.20777900,EUROPE,Germany,NEU
Dreierpack,Dreierpack,LOC,0.00000000,0.00000000,de,1.00000000,,-1,,,,,,
Norderney,Norderney,LOC,0.00000000,0.00000000,de,1.00000000,4042519-8,2862041,X,53.70805500,7.15805500,EUROPE,Germany,NEU
Sturmböen,Sturmböen,LOC,0.70000000,0.00000000,de,1.00000000,,-1,,,,,,
Saha…,Saha…,LOC,0.00000000,0.00000000,de,1.00000000,,-1,,,,,,
Häfen,Häfen,LOC,-0.35000000,0.50000000,de,1.00000000,,-1,,,,,,
Zwölfaxing,Zwölfaxing,LOC,0.00000000,0.00000000,de,1.00000000,4109102-4,2760388,X,48.10990000,16.46266900,EUROPE,Austria,WCE
Bruck an der Leitha,Bruck an der Leitha,LOC,0.00000000,0.00000000,de,1.00000000,4090187-7,2781373,X,48.01666600,16.76666600,EUROPE,Austria,WCE
Verbrenner-Aus,Verbrenner-Aus,LOC,-1.00000000,0.00000000,de,1.00000000,,-1,,,,,,
Flächenbränden,Flächenbränden,LOC,0.00000000,0.00000000,de,1.00000000,,-1,,,,,,
Hofstetten-Grünau,Hofstetten-Grünau,LOC,0.00000000,0.00000000,de,1.00000000,,-1,,,,,,
Bezirk St. Pölten,Bezirk St. Pölten,LOC,0.00000000,0.00000000,de,1.00000000,,-1,,,,,,
Pielachtal,Pielachtal,LOC,0.00000000,0.00000000,de,1.00000000,,-1,,,,,,
Baleareninsel,Baleareninsel,LOC,0.70000000,0.00000000,de,1.00000000,,-1,,,,,,
Iden im,Iden im,LOC,0.00000000,0.00000000,de,1.00000000,,-1,,,,,,
Iden im …,Iden im …,LOC,0.00000000,0.00000000,de,1.00000000,,-1,,,,,,
Insel La…,Insel La…,LOC,0.00000000,0.00000000,de,1.00000000,,-1,,,,,,
Pelzfarmen,Pelzfarmen,LOC,0.00000000,0.00000000,de,1.00000000,,-1,,,,,,
Stadtstaaten Bremen,Stadtstaaten Bremen,LOC,0.00000000,1.00000000,de,1.00000000,,-1,,,,,,
Katastrophenfonds,Katastrophenfonds,LOC,0.00000000,0.00000000,de,1.00000000,,-1,,,,,,
Mexikos,Mexikos,LOC,0.70000000,0.00000000,de,1.00000000,,-1,,,,,,
Breitbandausbaus,Breitbandausbaus,LOC,0.00000000,0.00000000,de,1.00000000,,-1,,,,,,
Fluthelfer,Fluthelfer,LOC,-1.00000000,0.00000000,de,1.00000000,,-1,,,,,,
Hochwassereinsätze,Hochwassereinsätze,LOC,0.00000000,0.00000000,de,1.00000000,,-1,,,,,,
Maria Saal,Maria Saal,LOC,0.00000000,0.00000000,de,1.00000000,4037518-3,2771910,X,46.68083000,14.34861000,EUROPE,Austria,WCE
Bezirk Klagenfurt-…,Bezirk Klagenfurt-…,LOC,0.00000000,0.00000000,de,1.00000000,,-1,,,,,,
Kingston,Kingston,LOC,-0.70000000,0.00000000,de,1.00000000,,-1,,,,,,
Karibik,Karibik,LOC,-0.70000000,0.00000000,de,1.00000000,,-1,,,,,,
New York City,New York City,LOC,0.00000000,0.00000000,de,1.00000000,4042011-5,5128581,X,40.71416600,-74.00597000,NORTH-AMERICA,United States,ENA
Ex-Soldat,Ex-Soldat,LOC,-1.00000000,0.00000000,de,1.00000000,,-1,,,,,,
Landgericht Hof,Landgericht Hof,LOC,0.00000000,0.00000000,de,1.00000000,,-1,,,,,,
Protesten,Protesten,LOC,0.25000000,0.00000000,de,1.00000000,,-1,,,,,,
Kinderpornografie,Kinderpornografie,LOC,0.00000000,0.00000000,de,1.00000000,,-1,,,,,,
Hof,Hof,LOC,1.00000000,0.00000000,de,1.00000000,,-1,,,,,,
(30,(30,LOC,0.00000000,0.00000000,de,1.00000000,,-1,,,,,,
Wienfluss,Wienfluss,LOC,0.00000000,0.00000000,de,1.00000000,,-1,,,,,,
Stadt Wien,Stadt Wien,LOC,0.00000000,0.00000000,de,1.00000000,4066009-6,2761367,X,48.20819900,16.37169000,EUROPE,Austria,WCE
Auhofbecken,Auhofbecken,LOC,0.70000000,0.00000000,de,1.00000000,,-1,,,,,,
Bezirk Hartberg Fürstenfeld,Bezirk Hartberg Fürstenfeld,LOC,0.00000000,0.00000000,de,1.00000000,,-1,,,,,,
Talsperre Kelbra,Talsperre Kelbra,LOC,0.00000000,0.00000000,de,1.00000000,,-1,,,,,,
großen Treimischer Teiches,großen Treimischer Teiches,LOC,0.70000000,0.00000000,de,1.00000000,,-1,,,,,,
Jerichower …,Jerichower …,LOC,0.00000000,0.00000000,de,1.00000000,,-1,,,,,,
Hohenwarthe/Magdeburg,Hohenwarthe/Magdeburg,LOC,0.00000000,0.00000000,de,1.00000000,,-1,,,,,,
Mexiko-Stadt,Mexiko-Stadt,LOC,0.00000000,0.00000000,de,1.00000000,4039060-3,3530597,X,19.42833300,-99.12750000,CENTRAL-AMERICA,Mexico,NCA
Spanier,Spanier,LOC,-1.00000000,0.00000000,de,1.00000000,,-1,,,,,,
La Fuensanta,La Fuensanta,LOC,0.00000000,0.00000000,de,1.00000000,,-1,,,,,,
Feu…,Feu…,LOC,0.00000000,0.00000000,de,1.00000000,,-1,,,,,,
Traisen,Traisen,LOC,-1.00000000,0.00000000,de,1.00000000,4060596-6,2763466,X,48.03332900,15.59999900,EUROPE,Austria,WCE
Windpassing,Windpassing,LOC,-1.00000000,0.00000000,de,1.00000000,,-1,,,,,,
St. Pölten,St. Pölten,LOC,-1.00000000,0.00000000,de,1.00000000,4051622-2,2766429,X,48.20000000,15.63333000,EUROPE,Austria,WCE
Dörfern,Dörfern,LOC,0.70000000,0.00000000,de,1.00000000,,-1,,,,,,
Orchesters,Orchesters,LOC,0.00000000,0.00000000,de,1.00000000,,-1,,,,,,
Fel…,Fel…,LOC,0.00000000,0.00000000,de,1.00000000,,-1,,,,,,
Joshua,Joshua,LOC,0.00000000,0.00000000,de,1.00000000,,-1,,,,,,
Landkreis Bergstraße,Landkreis Bergstraße,LOC,-0.70000000,0.00000000,de,1.00000000,,-1,,,,,,
Landkreis Fulda,Landkreis Fulda,LOC,0.00000000,0.00000000,de,1.00000000,,-1,,,,,,
Kreis Bergstraße,Kreis Bergstraße,LOC,0.00000000,0.00000000,de,1.00000000,,-1,,,,,,
Hohenwarthe,Hohenwarthe,LOC,0.00000000,0.00000000,de,1.00000000,1056937807,2901358,X,52.22972200,11.71527700,EUROPE,Germany,WCE
Niederschlägen,Niederschlägen,LOC,0.00000000,0.00000000,de,1.00000000,,-1,,,,,,
Warn-Apps,Warn-Apps,LOC,0.00000000,0.00000000,de,1.00000000,,-1,,,,,,
Vorräte,Vorräte,LOC,0.00000000,0.00000000,de,1.00000000,,-1,,,,,,
Nidderau,Nidderau,LOC,0.00000000,0.00000000,de,1.00000000,4042167-3,2863712,X,50.23805000,8.86703900,EUROPE,Germany,WCE
Altmühl,Altmühl,LOC,0.00000000,0.00000000,de,1.00000000,,-1,,,,,,
Rezat,Rezat,LOC,0.00000000,0.00000000,de,1.00000000,,-1,,,,,,
Meldestufe,Meldestufe,LOC,0.00000000,0.00000000,de,1.00000000,,-1,,,,,,
Freistaats,Freistaats,LOC,0.00000000,0.00000000,de,1.00000000,,-1,,,,,,
Überschwemmung,Überschwemmung,LOC,0.00000000,0.00000000,de,1.00000000,,-1,,,,,,
Lestiac-sur-Garonne,Lestiac-sur-Garonne,LOC,0.00000000,0.00000000,de,1.00000000,,-1,,,,,,
Umweltministeriums,Umweltministeriums,LOC,0.00000000,0.00000000,de,1.00000000,,-1,,,,,,
Lawinenabgängen,Lawinenabgängen,LOC,0.00000000,0.00000000,de,1.00000000,,-1,,,,,,
Landkreis Rostock,Landkreis Rostock,LOC,0.00000000,0.00000000,de,1.00000000,,-1,,,,,,
Extremwetter-Ereignissen,Extremwetter-Ereignissen,LOC,0.00000000,0.00000000,de,1.00000000,,-1,,,,,,
Auen,Auen,LOC,0.00000000,0.00000000,de,1.00000000,4343612-2,2954641,X,49.83332900,7.59999900,EUROPE,Germany,WCE
Bordeaux,Bordeaux,LOC,0.00000000,0.00000000,de,1.00000000,4088072-2,3031582,X,44.84044000,-0.58050000,EUROPE-AFRICA,France,MED
Verkehrsstörungen,Verkehrsstörungen,LOC,0.00000000,0.00000000,de,1.00000000,,-1,,,,,,
Rußhütte,Rußhütte,LOC,0.00000000,0.00000000,de,1.00000000,,-1,,,,,,
Fischbach,Fischbach,LOC,0.00000000,0.00000000,de,1.00000000,,-1,,,,,,
Meldehöhe,Meldehöhe,LOC,0.00000000,0.00000000,de,1.00000000,,-1,,,,,,
Landkreis Ansbach,Landkreis Ansbach,LOC,0.00000000,0.00000000,de,1.00000000,,-1,,,,,,
Ansbach,Ansbach,LOC,0.00000000,0.00000000,de,1.00000000,4002170-1,2955936,X,49.30472200,10.59305500,EUROPE,Germany,WCE
Prognosesystem,Prognosesystem,LOC,0.00000000,0.00000000,de,1.00000000,,-1,,,,,,
Planer,Planer,LOC,0.70000000,0.00000000,de,1.00000000,,-1,,,,,,
Gießen/Wiesbaden,Gießen/Wiesbaden,LOC,0.00000000,0.00000000,de,1.00000000,,-1,,,,,,
lhe,lhe,LOC,0.00000000,0.00000000,de,1.00000000,,-1,,,,,,
Hessens,Hessens,LOC,0.00000000,0.00000000,de,1.00000000,,-1,,,,,,
Neuendorf,Neuendorf,LOC,0.00000000,0.00000000,de,1.00000000,106745490X,2865784,X,52.67722200,11.21583300,EUROPE,Germany,WCE
Musee du Louvre,Musee du Louvre,LOC,0.00000000,0.00000000,de,1.00000000,,-1,,,,,,
Paris,Paris,LOC,0.00000000,0.00000000,de,1.00000000,4044660-8,2988507,X,48.85340900,2.34880000,EUROPE,France,WCE
Museum der Nachrichtenagentur dpa,Museum der Nachrichtenagentur dpa,LOC,0.70000000,0.00000000,de,1.00000000,,-1,,,,,,
Pechsträhne,Pechsträhne,LOC,0.70000000,0.00000000,de,1.00000000,,-1,,,,,,
Millionenbetrug,Millionenbetrug,LOC,0.70000000,0.00000000,de,1.00000000,,-1,,,,,,
Trier,Trier,LOC,0.00000000,0.00000000,de,1.00000000,4060877-3,2821164,X,49.75565000,6.63935000,EUROPE,Germany,WCE
Mittelrhein,Mittelrhein,LOC,-0.70000000,0.00000000,de,1.00000000,,-1,,,,,,
Pegel Koblenz,Pegel Koblenz,LOC,0.00000000,0.00000000,de,1.00000000,,-1,,,,,,
Extremwetter-Schutz,Extremwetter-Schutz,LOC,0.00000000,0.00000000,de,1.00000000,,-1,,,,,,
Koblach-Nein,Koblach-Nein,LOC,0.00000000,0.00000000,de,1.00000000,,-1,,,,,,
Herausforderungen,Herausforderungen,LOC,0.00000000,0.00000000,de,1.00000000,,-1,,,,,,
Möbel,Möbel,LOC,0.00000000,0.00000000,de,1.00000000,,-1,,,,,,
Oberläufen der Ilse,Oberläufen der Ilse,LOC,0.00000000,0.00000000,de,1.00000000,,-1,,,,,,
Lankreis Prignitz,Lankreis Prignitz,LOC,0.00000000,0.00000000,de,1.00000000,,-1,,,,,,
Sachsens,Sachsens,LOC,0.00000000,0.00000000,de,1.00000000,,-1,,,,,,
Offenbach,Offenbach,LOC,1.00000000,0.00000000,de,1.00000000,,-1,,,,,,
Unterläufen,Unterläufen,LOC,0.00000000,0.00000000,de,1.00000000,,-1,,,,,,
Tanne,Tanne,LOC,-0.70000000,0.00000000,de,1.00000000,,-1,,,,,,
Hochwasserschutzes im Oberpinzgau,Hochwasserschutzes im Oberpinzgau,LOC,0.00000000,0.00000000,de,1.00000000,,-1,,,,,,
Land…,Land…,LOC,0.00000000,0.00000000,de,1.00000000,,-1,,,,,,
Ubá,Ubá,LOC,0.00000000,0.00000000,de,1.00000000,,-1,,,,,,
Paraibuna,Paraibuna,LOC,0.00000000,0.00000000,de,1.00000000,,-1,,,,,,
Niederbayern,Niederbayern,LOC,0.00000000,0.00000000,de,1.00000000,,-1,,,,,,
Dienstag,Dienstag,LOC,0.00000000,0.00000000,de,1.00000000,,-1,,,,,,
Peru,Peru,LOC,0.00000000,0.00000000,de,1.00000000,4045312-1,3932488,X,-10.00000000,-76.00000000,SOUTH-AMERICA,Peru,NWS
Flut,Flut,LOC,0.00000000,0.00000000,de,1.00000000,,-1,,,,,,
Jampress,Jampress,LOC,0.00000000,0.00000000,de,1.00000000,,-1,,,,,,
Hassbach,Hassbach,LOC,0.00000000,0.00000000,de,1.00000000,,-1,,,,,,
Warth,Warth,LOC,0.00000000,0.00000000,de,1.00000000,,-1,,,,,,
Bezirk Neunkirchen,Bezirk Neunkirchen,LOC,0.00000000,0.00000000,de,1.00000000,,-1,,,,,,
Stadt Freiburg,Stadt Freiburg,LOC,0.00000000,0.00000000,de,1.00000000,,-1,,,,,,
Wetterwarnungen,Wetterwarnungen,LOC,0.00000000,0.00000000,de,1.00000000,,-1,,,,,,
Wasserfluss,Wasserfluss,LOC,-1.00000000,0.00000000,de,1.00000000,,-1,,,,,,
Rhein-Lahn-Kreis,Rhein-Lahn-Kreis,LOC,0.00000000,0.00000000,de,1.00000000,,-1,,,,,,
Straße in Nassau“,Straße in Nassau“,LOC,0.00000000,0.00000000,de,1.00000000,,-1,,,,,,
A3,A3,LOC,0.00000000,0.00000000,de,1.00000000,,-1,,,,,,
Bundesstraße 197,Bundesstraße 197,LOC,0.00000000,0.00000000,de,1.00000000,,-1,,,,,,
Friedland,Friedland,LOC,0.00000000,0.00000000,de,1.00000000,,-1,,,,,,
Landkreis Mecklenburgische Seenplatte,Landkreis Mecklenburgische Seenplatte,LOC,0.00000000,0.00000000,de,1.00000000,,-1,,,,,,
Harz schmilzt der Schnee,Harz schmilzt der Schnee,LOC,-0.35000000,0.50000000,de,1.00000000,,-1,,,,,,
Meyenburg,Meyenburg,LOC,0.00000000,0.00000000,de,1.00000000,4300799-5,2871419,X,53.31333300,12.24250000,EUROPE,Germany,WCE
Großen Mühl,Großen Mühl,LOC,0.00000000,0.00000000,de,1.00000000,,-1,,,,,,
Bezirk Rohrbach,Bezirk Rohrbach,LOC,0.00000000,0.00000000,de,1.00000000,,-1,,,,,,
Oberkappel,Oberkappel,LOC,0.70000000,0.00000000,de,1.00000000,4527167-7,2770016,X,48.55275000,13.77068000,EUROPE,Austria,WCE
Oberkappel …,Oberkappel …,LOC,0.70000000,0.00000000,de,1.00000000,,-1,,,,,,
Nahe,Nahe,LOC,0.00000000,0.00000000,de,1.00000000,,-1,,,,,,
Rhe…,Rhe…,LOC,0.00000000,0.00000000,de,1.00000000,,-1,,,,,,
Chiemgauer,Chiemgauer,LOC,0.00000000,0.00000000,de,1.00000000,,-1,,,,,,
Berchtesgadener Alpen,Berchtesgadener Alpen,LOC,0.00000000,0.00000000,de,1.00000000,,-1,,,,,,
Wasseramt München,Wasseramt München,LOC,0.00000000,0.00000000,de,1.00000000,,-1,,,,,,
Landes Brandenburg,Landes Brandenburg,LOC,0.00000000,0.00000000,de,1.00000000,,-1,,,,,,
Pegel Pritzwalk Hainholz,Pegel Pritzwalk Hainholz,LOC,0.00000000,0.00000000,de,1.00000000,,-1,,,,,,
Notgepäck,Notgepäck,LOC,0.00000000,0.00000000,de,1.00000000,,-1,,,,,,
Audio-Streamingdiensten,Audio-Streamingdiensten,LOC,0.00000000,1.00000000,de,1.00000000,,-1,,,,,,
Sturm Harry,Sturm Harry,LOC,0.00000000,0.00000000,de,1.00000000,,-1,,,,,,
Mittelmeerraum,Mittelmeerraum,LOC,0.00000000,0.00000000,de,1.00000000,,-1,,,,,,
Ländern,Ländern,LOC,0.70000000,0.00000000,de,1.00000000,,-1,,,,,,
bel…,bel…,LOC,0.00000000,1.00000000,de,1.00000000,,-1,,,,,,
Lehmhäusern,Lehmhäusern,LOC,-1.00000000,0.00000000,de,1.00000000,,-1,,,,,,
Landes an der Ostküste Af…,Landes an der Ostküste Af…,LOC,0.00000000,0.00000000,de,1.00000000,,-1,,,,,,
TTS-Player überspringenArtikel weiterlesenMaputo,TTS-Player überspringenArtikel weiterlesenMaputo,LOC,0.00000000,0.00000000,de,1.00000000,,-1,,,,,,
Musikstreaming,Musikstreaming,LOC,0.00000000,0.00000000,de,1.00000000,,-1,,,,,,
Milliardenvorhabens,Milliardenvorhabens,LOC,0.00000000,0.00000000,de,1.00000000,,-1,,,,,,
Vorarlberg,Vorarlberg,LOC,0.70000000,0.00000000,de,1.00000000,4063944-7,2762300,X,47.25000000,9.91666900,EUROPE,Austria,WCE
Götzis,Götzis,LOC,0.00000000,0.00000000,de,1.00000000,4086757-2,2778218,X,47.33306000,9.63306000,EUROPE,Austria,WCE
Örfla,Örfla,LOC,0.00000000,0.00000000,de,1.00000000,,-1,,,,,,
lsw,lsw,LOC,-0.70000000,0.00000000,de,1.00000000,,-1,,,,,,
Rems-Murr-Kreis,Rems-Murr-Kreis,LOC,-0.70000000,0.00000000,de,1.00000000,,-1,,,,,,
Krisenfall,Krisenfall,LOC,0.00000000,0.00000000,de,1.00000000,,-1,,,,,,
Montfortbrücke,Montfortbrücke,LOC,0.00000000,0.00000000,de,1.00000000,,-1,,,,,,
Mittelmeer,Mittelmeer,LOC,0.00000000,0.00000000,de,1.00000000,,-1,,,,,,
Südafrik…,Südafrik…,LOC,0.00000000,0.00000000,de,1.00000000,,-1,,,,,,
Burg,Burg,LOC,0.70000000,0.00000000,de,1.00000000,,-1,,,,,,
Hannover/Norden,Hannover/Norden,LOC,0.00000000,0.00000000,de,1.00000000,,-1,,,,,,
Kieler Kiellinie,Kieler Kiellinie,LOC,0.00000000,0.00000000,de,1.00000000,,-1,,,,,,
Sturmtief «Elli,Sturmtief «Elli,LOC,0.00000000,0.00000000,de,1.00000000,,-1,,,,,,
Kiellinie an der Förde,Kiellinie an der Förde,LOC,0.00000000,0.00000000,de,1.00000000,,-1,,,,,,
Tiroler,Tiroler,LOC,0.70000000,0.00000000,de,1.00000000,,-1,,,,,,
Brixentaler Ache,Brixentaler Ache,LOC,0.70000000,0.00000000,de,1.00000000,,-1,,,,,,
Kitzbühel,Kitzbühel,LOC,0.70000000,0.00000000,de,1.00000000,4030895-9,2774347,X,47.44637000,12.39215000,EUROPE,Austria,WCE
Kufstein,Kufstein,LOC,0.70000000,0.00000000,de,1.00000000,4033488-0,2773300,X,47.58332900,12.16666900,EUROPE,Austria,WCE
Lunow-Stolzenhagen,Lunow-Stolzenhagen,LOC,-0.70000000,0.00000000,de,1.00000000,,-1,,,,,,
Eisplatten,Eisplatten,LOC,0.00000000,0.00000000,de,1.00000000,,-1,,,,,,
Borkenkäfer,Borkenkäfer,LOC,1.00000000,0.00000000,de,1.00000000,,-1,,,,,,
Naturkatastrophen,Naturkatastrophen,LOC,0.00000000,0.00000000,de,1.00000000,,-1,,,,,,
LA,LA,LOC,-1.00000000,0.00000000,de,1.00000000,,-1,,,,,,
Myanmar,Myanmar,LOC,-1.00000000,0.00000000,de,1.00000000,,-1,,,,,,
Nachbarländern,Nachbarländern,LOC,0.00000000,0.00000000,de,1.00000000,,-1,,,,,,
Salzach-Kraftwerk Hollersbach,Salzach-Kraftwerk Hollersbach,LOC,1.00000000,0.00000000,de,1.00000000,,-1,,,,,,
Silvretta-Gebiet,Silvretta-Gebiet,LOC,0.00000000,0.00000000,de,1.00000000,,-1,,,,,,
Handyalarm,Handyalarm,LOC,0.00000000,0.00000000,de,1.00000000,,-1,,,,,,
Kreis Prignitz,Kreis Prignitz,LOC,0.00000000,0.00000000,de,1.00000000,,-1,,,,,,
Südschwarzwald,Südschwarzwald,LOC,0.70000000,0.00000000,de,1.00000000,,-1,,,,,,
Hochwasse…,Hochwasse…,LOC,0.00000000,0.00000000,de,1.00000000,,-1,,,,,,
Landtag Steiermark,Landtag Steiermark,LOC,1.00000000,0.00000000,de,1.00000000,,-1,,,,,,
Murtal,Murtal,LOC,0.00000000,0.00000000,de,1.00000000,,-1,,,,,,
Ksar-El-Kebir,Ksar-El-Kebir,LOC,0.00000000,0.00000000,de,1.00000000,,-1,,,,,,
Bewohnern,Bewohnern,LOC,0.00000000,0.00000000,de,1.00000000,,-1,,,,,,
Schneeschmelze,Schneeschmelze,LOC,0.70000000,0.00000000,de,1.00000000,,-1,,,,,,
Überschwemmungsgefahr,Überschwemmungsgefahr,LOC,0.70000000,0.00000000,de,1.00000000,,-1,,,,,,
Fasnet-Fans,Fasnet-Fans,LOC,0.00000000,0.00000000,de,1.00000000,,-1,,,,,,
Kristin,Kristin,LOC,0.70000000,0.00000000,de,1.00000000,,-1,,,,,,
Hochwa…,Hochwa…,LOC,0.00000000,0.00000000,de,1.00000000,,-1,,,,,,
Nutrias,Nutrias,LOC,0.00000000,1.00000000,de,1.00000000,,-1,,,,,,
Pegel Rötz,Pegel Rötz,LOC,-1.00000000,0.00000000,de,1.00000000,,-1,,,,,,
Schwarzach in der Oberpfalz,Schwarzach in der Oberpfalz,LOC,-1.00000000,0.00000000,de,1.00000000,,-1,,,,,,
Murach,Murach,LOC,0.00000000,0.00000000,de,1.00000000,,-1,,,,,,
Wasserwirtschaftsamt Weiden,Wasserwirtschaftsamt Weiden,LOC,0.00000000,0.00000000,de,1.00000000,,-1,,,,,,
Sturm,Sturm,LOC,-1.00000000,0.00000000,de,1.00000000,,-1,,,,,,
Kreis Tuttlingen,Kreis Tuttlingen,LOC,0.00000000,0.00000000,de,1.00000000,,-1,,,,,,
Geisingen,Geisingen,LOC,0.00000000,0.00000000,de,1.00000000,4380345-3,2921682,X,47.92500000,8.65000000,EUROPE,Germany,WCE
Schmalspurbahn,Schmalspurbahn,LOC,-0.70000000,0.00000000,de,1.00000000,,-1,,,,,,
Pinzgauer Lokalbahn,Pinzgauer Lokalbahn,LOC,0.00000000,0.00000000,de,1.00000000,,-1,,,,,,
Notunterkünfte,Notunterkünfte,LOC,0.00000000,1.00000000,de,1.00000000,,-1,,,,,,
portugiesische Regierung,portugiesische Regierung,LOC,0.00000000,0.00000000,de,1.00000000,,-1,,,,,,
Azoren,Azoren,LOC,0.00000000,0.00000000,de,1.00000000,,-1,,,,,,
Burgenlands,Burgenlands,LOC,0.00000000,0.00000000,de,1.00000000,,-1,,,,,,
Gebäuden,Gebäuden,LOC,0.00000000,0.00000000,de,1.00000000,,-1,,,,,,
Universität Graz,Universität Graz,LOC,0.00000000,0.00000000,de,1.00000000,,-1,,,,,,
Hochwasserrisiko,Hochwasserrisiko,LOC,0.70000000,0.00000000,de,1.00000000,,-1,,,,,,
Lissabon,Lissabon,LOC,-0.70000000,0.00000000,de,1.00000000,4035919-0,2267057,X,38.71667000,-9.13333000,EUROPE-AFRICA,Portugal,MED
Alcácer do Sal,Alcácer do Sal,LOC,-0.70000000,0.00000000,de,1.00000000,,-1,,,,,,
Bosnien,Bosnien,LOC,0.00000000,0.00000000,de,1.00000000,,-1,,,,,,
Projekt-Umsetzungen,Projekt-Umsetzungen,LOC,-0.50000000,0.50000000,de,1.00000000,,-1,,,,,,
Lammerbach,Lammerbach,LOC,0.00000000,0.00000000,de,1.00000000,,-1,,,,,,
Kindberg,Kindberg,LOC,0.00000000,0.00000000,de,1.00000000,4314291-6,2774437,X,47.50000000,15.44999900,EUROPE,Austria,WCE
Tetouan,Tetouan,LOC,0.00000000,0.00000000,de,1.00000000,,-1,,,,,,
Pinzgaubahn,Pinzgaubahn,LOC,0.00000000,0.00000000,de,1.00000000,,-1,,,,,,
Deichrückverlegungen,Deichrückverlegungen,LOC,-0.70000000,0.00000000,de,1.00000000,,-1,,,,,,
