day,sentiment_mean,sentiment_std,subjectivity_mean,subjectivity_std,counting
2025-09-24,0.4608998023809415,0.5055197881122991,3.0401009375373613,0.29189352784705114,2.0
2025-09-25,-0.13908516340920354,0.5914213895985799,-0.49161910076893234,0.046606441867406194,2.0
2025-09-26,1.1146167097911013,1.3070995289093983,-0.2290323203874155,0.3022661878025891,2.0
2025-09-27,-1.0072798500001983,2.5275250982363313,-0.4866877432624629,0.020269049101306787,2.0
2025-09-28,-1.3454998768673303,1.0,-0.44276679150603276,1.0,1.0
2025-09-30,-0.0854075953706165,1.0,-0.6263940669625173,1.0,1.0
2025-10-01,0.8075909225485247,0.6021388966482196,1.7028851522084625,1.6665625671634599,5.0
2025-10-02,-1.8294336803862759,1.0,-0.47235536119472576,1.0,1.0
2025-10-03,0.2908829855784691,0.33910456564801933,-0.041284705756704954,0.7700394070154386,3.0
2025-10-04,-0.5347657440054914,1.4341859167625226,-0.5437068886100587,0.06409109097594598,4.0
2025-10-05,0.15874745499772228,0.4784073431687166,-0.08091009459879492,0.6408714937464842,5.0
2025-10-09,1.4905676550403413,1.0,-0.31622776601683794,1.0,1.0
2025-10-10,0.47924042759677093,1.1419802400798627,1.597722309172098,1.4047990416651361,6.0
2025-10-11,0.4122692356288708,1.0088687929022169,1.6057992818272189,1.1375520231007075,7.0
2025-10-12,-0.1752308847708036,0.25406914768660765,0.9271952197816421,1.301724895347205,6.0
2025-10-13,-1.0161826726211063,1.3366606584019185,0.9856684322279162,1.3488396594065766,3.0
2025-10-15,-0.18934674644509128,1.0,-0.44276679150603276,1.0,1.0
2025-10-16,0.9072424005175328,1.0,-0.5010201253302,1.0,1.0
2025-10-17,0.49383464880441375,1.0,-0.44276679150603276,1.0,1.0
2025-10-22,-1.458346612073985,1.0,-0.4706282769553986,1.0,1.0
2025-10-23,0.0877748586774506,1.8563231615962188,-0.5944065617075032,0.17504892902370517,2.0
2025-10-24,0.9072424005175328,1.0,-0.5010201253302,1.0,1.0
2025-10-25,-0.4113455963476988,1.0,-0.5245748318603519,1.0,1.0
2025-10-26,0.6431783639438948,1.0,-0.4706282769553986,1.0,1.0
2025-10-27,0.11188988128493112,0.2851322656907545,-0.47911126293920697,0.007801043381589775,4.0
2025-10-28,0.6147559938455657,1.0617389635136893,-0.5180816192440627,0.0737124903362358,5.0
2025-10-29,-1.5972219210951424,0.4456156983890161,-0.7504469547630892,0.1754372763791166,3.0
2025-10-31,0.025550593157025202,0.20659845191856213,-0.008373971181754092,0.6967068726476786,2.0
2025-11-06,-0.2908702548587324,0.5886473406878621,-0.6263940669625173,1.0,2.0
2025-11-10,-1.080438160728475,0.5279703002076512,-0.5964869729351179,0.15644003309628296,2.0
2025-11-12,-0.4097845472105284,0.6849130754832169,-0.5332090617804606,0.06136638504559863,6.0
2025-11-13,-0.6384017068171915,0.6330121417809434,-0.5637070961463586,0.08865276431229802,2.0
2025-11-14,-0.5276116110691605,1.0,-0.42872525673033746,1.0,1.0
2025-11-15,-0.05146710056513798,1.0,-0.5774938098971373,1.0,1.0
2025-11-16,-0.06203276977108904,0.482452849502248,-0.47226526718060047,0.01923598792287532,2.0
2025-11-17,-1.433323499300349,1.0,0.17210080427398144,1.0,1.0
2025-11-18,0.034661760846197376,1.2694786117616699,0.23222478190992196,0.996426794157369,2.0
2025-11-21,-0.49251431725786193,0.7723109718522254,0.6612901084741081,1.2687570911451354,3.0
2025-11-22,0.34537406340506926,0.4528434548307079,1.367647442463139,1.201941841695083,6.0
2025-11-23,-0.9375514825494659,0.4154753736559119,-0.45775193036384615,0.028581855299370854,3.0
2025-11-25,-0.1445341990509778,0.403053882924166,0.009540923933241435,0.621345291713553,4.0
2025-11-26,0.7281360727429538,0.7439025055766464,0.033519856101572015,0.7129731272142436,2.0
2025-11-27,-0.6112634761355574,0.7044169805632322,0.5448028182032535,0.9125340030130273,6.0
2025-11-28,-0.10910332497287506,0.8383723371360802,0.029920335049625213,1.4810319244695047,2.0
2025-11-29,-0.08533546541601615,1.0,-0.31622776601683794,1.0,1.0
2025-11-30,-0.8104666849035972,0.6614460828738179,2.3755319634485796,1.8705146242295794,7.0
2025-12-01,-0.24161680888366116,0.9357022540784546,1.0449768518536071,0.8197956354698102,10.0
2025-12-03,-0.049475657782189854,0.33798916776758764,1.2001095482824191,1.0321836082556117,6.0
2025-12-05,-0.041623521538774876,1.2709126826132757,1.1784208744606002,1.6530328047754494,3.0
2025-12-06,0.6303503486029702,1.2250204008130299,-0.4669964391281489,0.022044252681822175,3.0
2025-12-07,1.3916340651601686,1.0,-0.701010163080125,1.0,1.0
2025-12-08,-0.5276116110691605,1.0,-0.42872525673033746,1.0,1.0
2025-12-09,0.49199691872872503,0.9314285474155131,-0.4766500442953447,0.06777588454828268,3.0
2025-12-10,0.4390206480074031,1.0,,1.0,1.0
2025-12-11,-0.3540083298756998,0.34517391527246727,-0.5011484630230415,0.33003952225943484,5.0
2025-12-12,-0.05686619364311838,0.5143932640836554,0.16054895312335285,1.3474815163047806,7.0
2025-12-13,0.028256631024014184,1.112180429753922,-0.32772116690692704,0.43645111800956826,4.0
2025-12-17,1.1559950780462414,1.0,-0.44276679150603276,1.0,1.0
2025-12-18,,1.0,-0.5773502691896257,1.0,1.0
2025-12-19,-0.7979017570088647,0.5708444179895164,-0.32755028770176775,0.5460143143088383,2.0
2025-12-23,0.05144181870437187,0.7959159885352508,-0.53654069757619,0.07161579750519592,4.0
2025-12-25,0.8118432133463124,0.6360385157805262,-0.5861520408259915,0.18029620778710206,2.0
2025-12-26,2.5883351581374736,1.0,-0.4858671646836882,1.0,1.0
2025-12-28,-0.9169413934001089,0.821678352382178,-0.53654069757619,0.07161579750519592,4.0
2025-12-29,-0.3839415030964995,0.48794583496204147,-0.5705863871166834,0.17449824953756854,5.0
2025-12-30,0.10979255231607757,0.46249927087675324,-0.09746821012889012,0.8458008592964477,5.0
2025-12-31,0.6616373102941325,0.28642872838214545,-0.5161444958259057,0.04004233931481697,3.0
2026-01-01,0.5936109382588571,1.0,2.846049894151542,1.0,1.0
2026-01-02,0.16302949195568578,0.5785296653907411,-0.2885432878306184,0.38569248311800725,4.0
2026-01-04,-0.12412884669310938,1.0,0.5408058520431531,1.0,1.0
2026-01-05,-0.2952883599937476,0.5638917668239743,1.0038641531910824,0.5419387730941516,2.0
2026-01-07,-1.7166945710998103,0.7353834505899278,-0.5944065617075032,0.17504892902370517,2.0
2026-01-08,-0.2286734907088962,1.0,-0.4858671646836882,1.0,1.0
2026-01-09,-0.08256937147108497,0.5865391325686846,-0.4492369242525257,0.07458421723687764,5.0
2026-01-10,0.5017537637260587,0.5373050085641381,-0.5014089720064827,0.04059430886477591,4.0
2026-01-12,3.012132919468343,1.0,-0.4858671646836882,1.0,1.0
2026-01-13,-0.4410791231537615,1.0849471431713733,-0.30150960910353886,0.4047249908980668,5.0
2026-01-14,1.039161112386959,1.7929888905440685,-0.5997539383290792,0.16106021986422675,2.0
2026-01-17,1.2632062213800364,0.44912044544853985,-0.03518224127777316,0.39597802893618633,3.0
2026-01-18,-1.0240682584825156,1.0,2.626691465186275,1.0,1.0
2026-01-20,0.4443699150008207,1.5639707551210578,0.5676020836397274,0.29258397986567336,2.0
2026-01-22,0.1253662714690828,1.0,-0.6263940669625173,1.0,1.0
2026-01-23,1.2370311805270218,1.7583275891416312,-0.11245401209094838,0.729426994686291,2.0
2026-01-24,0.7275767906282326,1.0,,1.0,1.0
2026-01-25,-0.40317845125690144,1.0,-0.4858671646836882,1.0,1.0
2026-01-26,0.5432766431097481,1.0,-0.42872525673033746,1.0,1.0
2026-01-27,-0.851610123963019,0.8638930259556236,-0.7136407119744702,1.0,3.0
2026-02-02,1.1228879517049668,0.9242473946087448,-0.5237066810737585,0.05351315727247659,2.0
2026-02-03,0.34640649826757586,0.3436018046342703,1.2922088456604583,1.889294660361214,3.0
2026-02-05,0.1710646227747753,0.9508874316806496,-0.37737889020181736,0.45984383537688694,9.0
2026-02-06,-0.28432689035058023,0.5793936258568826,-0.5561306158231027,0.09936752554049938,2.0
2026-02-07,0.7350474124073164,1.0,1.5906945570557955,1.0,1.0
2026-02-08,0.1415545985613417,0.4140775330764148,0.005448360723032693,0.4606617856258935,3.0
2026-02-09,-0.39425379804598976,1.0,-0.7136407119744702,1.0,1.0
2026-02-10,0.7129940640597018,1.0392792621750973,-0.4949227720224718,0.03603363932052768,6.0
2026-02-11,0.1616349616248506,0.8987909644667043,-0.1520241970073406,0.7268763822318776,12.0
2026-02-12,0.6648535124923768,0.7118809509738006,-0.1080040992843311,1.2347779585497614,9.0
2026-02-13,-0.09621188970714456,1.2108525088124984,-0.49801600546522123,0.03917459498708978,12.0
2026-02-14,0.16730557203970062,0.6168523898870607,-0.469034061697433,0.023524288144748006,5.0
2026-02-15,-0.886279812110667,1.0,0.06078306738548314,1.0,1.0
2026-02-16,0.07019476407254266,0.28984905857483956,0.29841925821263193,1.0481953637538748,3.0
2026-02-17,0.2037566547114344,0.8335996448673435,-0.10696443526799015,0.7393207871670991,8.0
2026-02-18,0.27421974839777324,0.5346875468173641,0.0825527326838178,1.3534767318190817,2.0
2026-02-19,0.5896196512257629,1.3420081038824316,-0.22483581949866774,0.6195425249307315,6.0
2026-02-20,-0.4632513320040227,0.6453657421207808,0.6609733617493541,1.632918708777436,5.0
2026-02-21,-0.2286734907088962,1.0,-0.4858671646836882,1.0,1.0
2026-02-22,-0.19173090215134814,0.8695848374078516,-0.08339908015175561,0.7598669635596629,15.0
2026-02-23,-0.17421553170266135,1.170297585563032,-0.2646282495321465,0.698180417686803,9.0
2026-02-24,-0.2891104349258092,1.0472828732340174,-0.37348604260614354,0.37051662713447436,12.0
2026-02-25,0.17810888010353854,1.1127360966027908,-0.07495705169750229,0.6211889024939988,15.0
2026-02-26,0.2153418705295544,0.5682735633759252,-0.17915263076888516,0.4146512778930463,2.0
2026-02-27,-0.2558335805249094,0.9010985968992266,0.21825021378386067,1.0760033585160174,3.0
2026-03-01,-0.23698325073499174,1.0,0.6206555717482901,1.0,1.0
2026-03-05,0.1034433321827481,1.0,-0.47235536119472576,1.0,1.0
2026-03-06,-0.8520189243361275,0.9271108536423212,-0.5288197707641875,0.08636231503925497,3.0
2026-03-09,-0.30361125189920035,0.7530272235026122,-0.5203287302015179,0.04791243000461323,4.0
2026-03-10,0.11842953910981523,0.778024487553815,-0.5152481313063633,0.08096544797791681,9.0
2026-03-11,2.1496090243781114,1.0,2.259443059166518,1.0,1.0
2026-03-12,0.28519836756843125,1.72131303819916,-0.3239114431224588,0.2805155383205276,3.0
2026-03-13,-0.6890408010838096,1.6795523500957958,-0.39598008814211544,0.34445824739496056,4.0
2026-03-14,-0.12053657317723297,1.0,0.48427218296669183,1.0,1.0
2026-03-16,0.2333333333333333,1.0,0.0,1.0,1.0
2026-03-17,-0.10123504364052074,1.1145863675987853,1.359750253628385,1.743011904803905,5.0
2026-03-18,-0.13082708844865917,1.0,2.0222783516058183,1.0,1.0
2026-03-19,-0.6097660665986327,1.0,-0.44276679150603276,1.0,1.0
2026-03-20,-0.14986755953707667,0.3582356985669987,-0.47911126293920697,0.009554287873105376,2.0
2026-03-21,-1.9743684347568722,0.6730486222060295,-0.5237117806235112,0.058887675138354044,6.0
2026-03-22,0.9072424005175328,1.0,-0.5010201253302,1.0,1.0
2026-03-23,-0.455490621107132,0.0,-0.5010201253302,0.0,2.0
2026-03-24,-0.061412214124006444,0.5441819532690152,-0.30480393078979773,0.5145229364684215,17.0
2026-03-25,-0.20288104854849423,0.6088934487309665,0.5405047514591685,0.5847643416354448,4.0
2026-03-26,-0.04254144896127354,1.6031065303241798,-0.3050853553835158,0.3526132831209622,4.0
2026-03-28,0.07846486682155097,1.0,0.5408058520431531,1.0,1.0
2026-03-29,0.014881302554396764,1.0,-0.6282367864141485,1.0,1.0
2026-03-30,0.2360377551107312,1.0,-0.7136407119744702,1.0,1.0
2026-04-03,-0.29445157648347664,1.0,-0.44276679150603276,1.0,1.0
2026-04-05,-0.7021133550275013,1.0,,1.0,1.0
2026-04-06,0.6049038735009479,0.8308095010297315,-0.6296501425021571,0.06978897439635956,3.0
2026-04-07,-0.0026663884324405664,1.0,-0.42872525673033746,1.0,1.0
2026-04-08,0.004536522188047693,0.047766155224781566,0.05026707312153089,0.7582083103567029,2.0
2026-04-09,-0.27505235548262075,1.0,-0.18234920215644915,1.0,1.0
2026-04-15,-1.40951958509885,1.0,-0.42872525673033746,1.0,1.0
2026-04-16,0.5425508537501099,1.0,,1.0,1.0
2026-04-18,-0.40317845125690144,1.0,-0.4858671646836882,1.0,1.0
2026-04-21,0.2765892217368378,1.43301224799833,0.03486817467200665,0.8991044054514374,6.0
2026-04-23,-0.03271412866069166,1.0,-0.6263940669625173,1.0,1.0
2026-04-24,-0.27682266724355115,1.0324599023304406,0.2563994874121472,1.2484586173722008,2.0
2026-04-27,0.13999999999999999,1.0,0.0,1.0,1.0
2026-04-30,-0.18463179653739528,1.3872450832797818,0.05878933633650863,0.8892444979328074,12.0
2026-05-02,2.1736800761716992,0.05758095081927254,0.07415010527678217,0.7728754425950413,2.0
2026-05-03,-0.13082708844865917,1.0,-0.5672244156943148,1.0,1.0
2026-05-04,0.49383464880441375,1.0,-0.44276679150603276,1.0,1.0
2026-05-05,-0.6275419719614792,1.0,-0.4858671646836882,1.0,1.0
2026-05-06,-0.30334577852262684,1.0,-0.31622776601683794,1.0,1.0
2026-05-10,0.7700691194891864,0.013974080514599224,-0.47911126293920697,0.009554287873105376,2.0
2026-05-11,0.33934871624192914,0.8033047087989541,-0.5237066810737585,0.05351315727247659,2.0
2026-05-12,0.4490174718337834,0.24028133322940956,-0.47226526718060047,0.01923598792287532,2.0
2026-05-13,0.7322569232589673,1.0,1.1073709237821514,1.0,1.0
2026-05-14,0.7648673087060005,1.0,1.811380453116877,1.0,1.0
2026-05-15,0.48442588658828617,1.0,-0.874499842563661,1.0,1.0
2026-05-16,0.1023226560949034,1.0,-0.42872525673033746,1.0,1.0
2026-05-17,0.965858481570855,1.0,,1.0,1.0
2026-05-18,0.8754163083226754,0.5742696402347502,1.148819567754361,1.8611624152515343,2.0
2026-05-20,1.3583224431234093,1.0,,1.0,1.0
2026-05-21,-0.1896862477457965,0.2893022040559736,1.9768390244151735,0.9664243819225402,2.0
2026-05-22,1.24761892245543,1.0,1.0159837359812356,1.0,1.0
2026-05-23,-1.4753111047778233,1.0,-0.4586633696775128,1.0,1.0
2026-05-25,-0.9050398012822403,1.0,1.1547005383792515,1.0,1.0
2026-05-26,-0.12315761659605548,0.32046213500959503,-0.47911126293920697,0.009554287873105376,2.0
2026-05-28,0.7029672587506398,0.6224158547146119,-0.319407508626138,0.27669750565093354,3.0
2026-05-30,0.5316989754744436,1.0,-0.874499842563661,1.0,1.0
2026-05-31,0.1034433321827481,1.0,-0.47235536119472576,1.0,1.0
2026-06-01,0.04685834638078955,1.0836874386890092,-0.32215909358436556,0.666780059551495,4.0
2026-06-04,-0.20294871241674983,1.110433053693091,-0.5049956036001738,0.0880048300339011,2.0
2026-06-06,1.1481632006765308,0.5207316969535373,0.7380637471359691,1.7117911191568174,2.0
2026-06-07,0.3255095039493008,1.0,-0.6022923932574824,1.0,1.0
2026-06-08,0.8680780436596203,1.081356779231831,-0.47911126293920697,0.009554287873105376,2.0
2026-06-10,0.7602258519878988,0.7194793872399682,-0.5870180247073291,0.11600348140766541,4.0
2026-06-12,0.9394345174801716,1.0,-0.6282367864141485,1.0,1.0
2026-06-13,-0.2420678943626067,0.6423337640605965,-0.04859454105179376,0.8489935218760303,3.0
2026-06-14,-1.7448785548103918,1.0,1.7952524160607763,1.0,1.0
2026-06-15,-1.5254713686822636,1.0,-0.6022923932574824,1.0,1.0
2026-06-18,0.9699391848572249,0.14652649266905923,-0.645495490582048,0.09637189630408066,2.0
2026-06-19,0.4619347378901352,0.606408464403235,-0.5237066810737585,0.05351315727247659,3.0
2026-06-20,-0.08095189755221961,0.9729151979483985,-0.32289026347796224,0.42205387624029916,10.0
2026-06-21,-1.6618485191595607,1.6037516506464544,-0.47911126293920697,0.009554287873105376,2.0
2026-06-22,0.1687878590225905,0.2598767121140305,-0.34405815813974255,0.3014108976203056,3.0
2026-06-23,0.1034433321827481,1.0,1.8519297585910248,1.0,1.0
2026-06-29,2.1496090243781114,1.0,-0.42872525673033746,1.0,1.0
2026-06-30,-0.12336685600778502,0.906505658297994,-0.5492224089293366,0.021345427883475564,4.0
2026-07-02,0.5806660837966439,1.2101686224014738,0.060783067385483114,1.7192047651837585,2.0
2026-07-03,-0.46051499890962383,0.5335834153685216,-0.4057694613139671,0.08055546475197257,3.0
2026-07-04,0.6134040375843182,0.21089287330718703,0.43123825913514335,1.40400924303547,2.0
2026-07-05,0.1034433321827481,1.0,1.3870727346338747,1.0,1.0
2026-07-07,-0.024830122184179532,0.20094668596583337,-0.3059685921059339,0.4296891000062466,5.0
2026-07-08,-0.5532415848010773,0.4380577269827765,0.2836249733682854,1.0691176420263602,2.0
2026-07-09,-0.563602014677217,1.1117988447678908,0.041647493887482415,0.8697248152229419,6.0
2026-07-10,0.18668593850193346,1.0,-0.6022923932574824,1.0,1.0
2026-07-11,0.9020931833211856,1.0,-0.5245748318603519,1.0,1.0
2026-07-12,0.0861281043511694,0.06170154029439988,0.05192406749020151,1.851997836404471,3.0
2026-07-13,-0.4331608860490535,0.6667637661692434,-0.5615461974638289,1.0,2.0
2026-07-14,0.46286150470408555,1.1147706416324936,0.12016050857405487,1.243051238818224,10.0
2026-07-15,0.3344192545272705,0.4020699795599981,-0.32224263612000803,0.5138887194806813,5.0
2026-07-16,-0.6586129731634545,1.0959153729005218,-0.07693675475983891,0.7517792226639755,6.0
2026-07-17,0.020862913631679525,1.0,0.9140991824640675,1.0,1.0
2026-07-18,-0.5023037785871419,1.0,1.9625119579297927,1.0,1.0
2026-07-19,0.24876563399331397,0.7616571722523227,0.42192788605850545,1.4993763530946762,3.0
2026-07-23,0.1034433321827481,1.0,-0.47235536119472576,1.0,1.0
2026-07-24,-0.7071067811865475,1.0,,1.0,1.0
2026-07-28,1.1676194813162375,0.5818978846307116,-0.5245748318603519,1.0,2.0
2026-07-30,0.1656890804386533,1.1840207351974352,-0.003469280574132464,0.8822609284946976,3.0
2026-07-31,0.9309036597828995,0.31649658092772603,0.9309036597828996,0.3164965809277262,2.0
2026-08-02,-0.5026339341218193,0.28183601246869766,-0.3942915636057819,0.11039888128063262,2.0
2026-08-03,0.1034433321827481,1.0,-0.47235536119472576,1.0,1.0
2026-08-05,0.03831229445869998,1.0,-0.5615461974638289,1.0,1.0
2026-08-07,-2.0500321019046805,1.0,-1.0173273818965243,1.0,1.0
2026-08-08,0.0,1.0,0.25,1.0,1.0
2026-08-10,-0.19696351003938023,0.7214515328096992,,1.0,2.0
2026-08-11,1.3698709095625077,1.0,-0.5774938098971373,1.0,1.0
2026-08-12,0.37730170524811185,1.0,-0.9510694202073383,1.0,1.0
2026-08-14,0.31496053972537214,1.6143201163199492,-0.47235536119472576,1.0,2.0
2026-08-15,-2.060119110275339,1.0,-0.4586633696775128,1.0,1.0
2026-08-16,-0.4625194274207076,0.16239533380832294,-0.19173839720304106,0.5453375391755058,2.0
2026-08-17,0.874686139161339,2.053489581749452,-0.5509625505249889,0.03731786961561521,2.0
2026-08-18,-1.4926466389210697,1.0,3.3564579356102486,1.0,1.0
2026-08-19,-0.6267773538595264,1.0,-0.5245748318603519,1.0,1.0
2026-08-20,1.3197515168940452,1.0,-0.6263940669625173,1.0,1.0
2026-08-21,-1.5397472765645415,0.32788718718637583,-0.6263940669625173,0.0,2.0
2026-08-22,0.44978160094721176,0.27350432514896433,-0.48582420114279934,0.02149028207861545,2.0
2026-08-23,0.08214001906438242,0.06198176254530914,-0.5021564944849308,0.08398972341806746,2.0
2026-08-25,-0.9300696150906459,0.9156077391388363,1.9607576907335336,1.689619595681322,2.0
2026-08-27,1.26632847584497,1.0,-0.31622776601683794,1.0,1.0
2026-08-28,-0.800106204938495,0.5496255196989163,1.7763461413972101,0.0,2.0
2026-08-31,-0.5276116110691605,1.0,-0.42872525673033746,1.0,1.0
2026-09-02,1.179235605667579,1.0,-0.6263940669625173,1.0,1.0
2026-09-04,-0.6606362110266024,1.946197301824185,-0.7504469547630892,0.1754372763791166,2.0
2026-09-07,0.0,1.0,0.0,1.0,1.0
