,phrase,label,sentiment,subjectivity,language,count
Bayern,,,,,,
Rheinland-Pfalz,,,,,,
Timmendorfer Strand,,,,,,
Deutschland,,,,,,
Thailand,,,,,,
Ahrtal,,,,,,
Vietnam,,,,,,
Indonesien,,,,,,
Mexiko,,,,,,
Portugal,,,,,,
Sachsen-Anhalt,,,,,,
Hawaii,,,,,,
…,,,,,,
Niedersachsen,,,,,,
Rhein,,,,,,
Elbe,,,,,,
Koblenz,,,,,,
Mosel,,,,,,
Hessen,,,,,,
Frankfurt,,,,,,
Brandenburg,,,,,,
Bayerns,,,,,,
Thüringen,,,,,,
Oder,,,,,,
USA,,,,,,
Spanien,,,,,,
Sri Lanka,,,,,,
Europa,,,,,,
Donau,,,,,,
Frankreich,,,,,,
Brasilien,,,,,,
Philippinen,,,,,,
Prignitz,,,,,,
Deutschlands,,,,,,
Österreich,,,,,,
Bremen,,,,,,
Stadt,,,,,,
Saarland,,,,,,
Brasiliens,,,,,,
Sumatra,,,,,,
München,,,,,,
Südostasien,,,,,,
Australiens,,,,,,
Flüssen,,,,,,
Dauerregen,,,,,,
Kanadas,,,,,,
Washington,,,,,,
Saarbrücken,,,,,,
Ostsee,,,,,,
Schleswig-Holstein,,,,,,
Steiermark,,,,,,
Hollersbach,,,,,,
Pinzgau,,,,,,
Harz,,,,,,
Not,,,,,,
Feldkirch,,,,,,
Bode,,,,,,
Unstrut,,,,,,
Ostseeküste,,,,,,
Hamburg,,,,,,
Hochwasser,,,,,,
Polen,,,,,,
Landes,,,,,,
Nepal,,,,,,
Freistaat,,,,,,
China,,,,,,
Asien,,,,,,
Dörsbach,,,,,,
Mosambik,,,,,,
Überflutungen,,,,,,
Marokko,,,,,,
Südfrankreich,,,,,,
Halle,,,,,,
Deiche,,,,,,
Südthailand,,,,,,
Ilse,,,,,,
Buckelwal,,,,,,
Franken,,,,,,
Berlin,,,,,,
Valencia,,,,,,
Magdeburg,,,,,,
Nordrhein-Westfalen,,,,,,
Bund,,,,,,
Südspanien,,,,,,
Frankreichs,,,,,,
Hochwasserkatastrophe,,,,,,
Spaniens,,,,,,
Südchina,,,,,,
Mittersill,,,,,,
Katzenelnbogen,,,,,,
Alpen,,,,,,
Höchststand,,,,,,
Schwarze Elster,,,,,,
Land,,,,,,
Marokkos,,,,,,
Notstand,,,,,,
Spreewald,,,,,,
Sturmflut,,,,,,
Russland,,,,,,
Evakuierungen,,,,,,
Landstriche,,,,,,
Afrika,,,,,,
Koblach,,,,,,
Baden-Württemberg,,,,,,
Mittelfranken,,,,,,
Vilshofen,,,,,,
Indien,,,,,,
Malaysia,,,,,,
Thüringens,,,,,,
Wochenmitte,,,,,,
Manila,,,,,,
Texas,,,,,,
Deggendorf,,,,,,
Gemeinde,,,,,,
Andalusien,,,,,,
d…,,,,,,
Nordseeküste,,,,,,
Süddeutschland,,,,,,
Küste,,,,,,
Bali,,,,,,
Erde,,,,,,
Niederösterreich,,,,,,
Chinas,,,,,,
Klimawandel,,,,,,
Ibiza,,,,,,
Norwegen,,,,,,
Wahiawa-Damm,,,,,,
Staufensee,,,,,,
Kanada,,,,,,
Umweltamt,,,,,,
Niedersachsens,,,,,,
Dauereinsatz,,,,,,
Inn,,,,,,
Portugals,,,,,,
Polens,,,,,,
Tirol,,,,,,
Australiens Northern Territory,,,,,,
Trab,,,,,,
Nassau,,,,,,
Krokodil-Alarm,,,,,,
Montagfrüh,,,,,,
Afrikas,,,,,,
Flutkatastrophe,,,,,,
sintflutartiger,,,,,,
Ahrtahlbahn,,,,,,
Deichanlagen,,,,,,
Bewohner,,,,,,
Départements,,,,,,
Asiens,,,,,,
Verviers,,,,,,
Risiko,,,,,,
Erfurt,,,,,,
Stadtteile,,,,,,
Erdrutschen,,,,,,
Rettung,,,,,,
Sachsen,,,,,,
Flutkatastrophe im Ahrtal,,,,,,
nan,,,,,,
NRW,,,,,,
Starkregen,,,,,,
Rheins,,,,,,
Kramsach,,,,,,
Nordsachsen,,,,,,
Arzberg,,,,,,
Ukraine,,,,,,
Überschwemmungen,,,,,,
Gemeinden,,,,,,
Tuvalu,,,,,,
Wien,,,,,,
Südostasiens,,,,,,
Copernicus-Bilanz,,,,,,
Landesrechnungshof,,,,,,
Westeuropa,,,,,,
Hochwasser-Katastrophe,,,,,,
Niendorf,,,,,,
Niederlande,,,,,,
U4,,,,,,
Australien,,,,,,
Salzach,,,,,,
Dömnitz,,,,,,
Toiletten,,,,,,
Moselpegel Trier,,,,,,
Bächen,,,,,,
Gewässern,,,,,,
Regen,,,,,,
Louvre,,,,,,
Graz,,,,,,
Pariser,,,,,,
El Niño,,,,,,
Ill,,,,,,
Neue Landgrafenbrücke,,,,,,
Venedig,,,,,,
Italien,,,,,,
Umweltministerium,,,,,,
Südafrika,,,,,,
Spreewald-Ort Burg,,,,,,
Bonn,,,,,,
Wassermassen,,,,,,
B197,,,,,,
Land Brandenburg,,,,,,
Eis auf der Oder,,,,,,
Kiel,,,,,,
Hannover,,,,,,
Brandenburgs,,,,,,
“,,,,,,
Málaga,,,,,,
Pritzwalk,,,,,,
Teilrepublik Dagestan,,,,,,
Alarmbereitschaft,,,,,,
Danzig,,,,,,
Landesteilen,,,,,,
Land Salzburg,,,,,,
Stepenitz,,,,,,
Gewitter,,,,,,
Korsika,,,,,,
Taiwan,,,,,,
Thailands,,,,,,
Waldbrand,,,,,,
Provinz Songkhla,,,,,,
Sandau,,,,,,
Braunaubachs,,,,,,
Hochwasser-Einsatz,,,,,,
Klagenfurt,,,,,,
Europas,,,,,,
Nordsee,,,,,,
Jerichower Land,,,,,,
Gazastreifen,,,,,,
Winnenden,,,,,,
Stadt Hamburg,,,,,,
Jamaika,,,,,,
Simbach am Inn,,,,,,
sn,,,,,,
New Yorker,,,,,,
Landkreis Nordsachsen,,,,,,
Brandenberger Ache,,,,,,
Odessa,,,,,,
Lainsitz,,,,,,
Regenchaos,,,,,,
Aschaffenburg,,,,,,
Flusses Euphrat,,,,,,
Fango,,,,,,
Rosenmontag,,,,,,
KI-Funktionen,,,,,,
den USA,,,,,,
Wasserhaushalt,,,,,,
Regenjacke,,,,,,
Ursachen,,,,,,
Berchtesgaden,,,,,,
SZ,,,,,,
Hochwasser-Alarm,,,,,,
Schweiz,,,,,,
Donauausbau,,,,,,
Porto Alegre,,,,,,
Tauwetter,,,,,,
Nordbayern,,,,,,
Neustadt/Weinstraße,,,,,,
Baden-Württembergs,,,,,,
Leonardo,,,,,,
Südspaniens,,,,,,
Hitze,,,,,,
Köln,,,,,,
Schneeberge,,,,,,
Rastatt,,,,,,
Kreises s…,,,,,,
lni,,,,,,
Spree,,,,,,
Simbabwe,,,,,,
Mittelmeer,,,,,,
Oberpinzgau,,,,,,
Naturschutzgebiet Shuangshimen,,,,,,
Bezirk Braunau,,,,,,
Helpfau-Uttendorf,,,,,,
Emmebach,,,,,,
Ealing,,,,,,
Österreichs,,,,,,
Sturzflut,,,,,,
Unwettergefahr,,,,,,
Poppichl,,,,,,
Glan,,,,,,
Koblacher,,,,,,
zweitwärmste,,,,,,
Wehoferbach,,,,,,
Rhesi,,,,,,
Bad Neuenahr-Ahrweiler,,,,,,
Musée du Louvre,,,,,,
Dietenbach Hochwasserdämme,,,,,,
Unwetter,,,,,,
Harz-Flüssen,,,,,,
Oberläufen von Bode und Ilse,,,,,,
Warnungen,,,,,,
Regenfälle,,,,,,
Hintersee,,,,,,
Augsburg,,,,,,
Sachsens,,,,,,
Naturschutz-Auflagen,,,,,,
Südamerika,,,,,,
Oldenburg,,,,,,
Freiburg,,,,,,
Lübecker Bucht,,,,,,
Pegel Trier,,,,,,
Ache,,,,,,
Dresden,,,,,,
noc…,,,,,,
Kalifornien,,,,,,
Stadt Dornbirn,,,,,,
Dornbirn,,,,,,
Dornbirnerach,,,,,,
São Paulo,,,,,,
Sekundenschnelle,,,,,,
Bezirk Gmünd,,,,,,
Hohen Venn,,,,,,
Mount Everest,,,,,,
Straße in Nassau,,,,,,
Rhön,,,,,,
Vogelsberg,,,,,,
Außenwelt,,,,,,
Selkestraße,,,,,,
Bundes,,,,,,
Südsudans,,,,,,
Kufstein,,,,,,
Landgrafenbrücke,,,,,,
Hansestadt,,,,,,
Versicherungsverband,,,,,,
Garonne,,,,,,
Schöpfwerke,,,,,,
Hochwassers,,,,,,
Okertal,,,,,,
Warnstufe Rot,,,,,,
Mecklenburg-Vorpommern,,,,,,
Straße in NRW,,,,,,
Rhein-Main,,,,,,
Kreis Mecklenburgische Seenplatte,,,,,,
St. Goar,,,,,,
Schwarmkraftwerke,,,,,,
Hildesheim,,,,,,
Wasserstandes,,,,,,
Pegel Meyenburg,,,,,,
Mühlviertel,,,,,,
Ranna,,,,,,
Nordkaukasus,,,,,,
Treimischer Teich,,,,,,
Extremwetterereignissen,,,,,,
Ahr,,,,,,
Le…,,,,,,
Dernau,,,,,,
Atlantik,,,,,,
Flood Re,,,,,,
Blessem,,,,,,
Gange,,,,,,
Saale,,,,,,
Schrems,,,,,,
Hubei,,,,,,
Insel Juist,,,,,,
de…,,,,,,
Anpassungsstrategien,,,,,,
Département,,,,,,
East Rutherford,,,,,,
Gre…,,,,,,
Hérault,,,,,,
Provinz Málaga,,,,,,
St…,,,,,,
Lafnitz,,,,,,
US-Bundesstaat,,,,,,
Deutsche</li><li,,,,,,
Lobmingtal,,,,,,
Glatteisflächen,,,,,,
Flussmündungen,,,,,,
britische Regierung,,,,,,
Oberwart,,,,,,
Nigeria,,,,,,
Weißkirchen,,,,,,
Aceh,,,,,,
Obdach,,,,,,
Wettertechnisch,,,,,,
Ahrtal-Katastrophe,,,,,,
Oberfranken,,,,,,
Bergen,,,,,,
Ahrtalbahn,,,,,,
St. Pölten-Harland,,,,,,
Elbdeichs,,,,,,
Viktring,,,,,,
Deichsystem,,,,,,
Landesregierungen,,,,,,
Weser,,,,,,
Ems,,,,,,
Nordseeinseln,,,,,,
Neuenfelde,,,,,,
Oulu,,,,,,
Belgorod,,,,,,
Stadt Salzburg,,,,,,
Simbach,,,,,,
Kreis Pinneberg,,,,,,
Taifun Halong,,,,,,
Orkanböen,,,,,,
Alaskas,,,,,,
Sylt-Fähren,,,,,,
Bualoi,,,,,,
Fährausfälle,,,,,,
England,,,,,,
Leipzig,,,,,,
Bürgerbeauftragte,,,,,,
Pazifik,,,,,,
Emsland,,,,,,
Triestingtal,,,,,,
Retzer Land,,,,,,
Millionenhöhe,,,,,,
Belarus,,,,,,
Zielgeraden,,,,,,
noe,,,,,,
Klagenfurt-Viktring,,,,,,
Innsbruck,,,,,,
Krisenlagen,,,,,,
Hochwasserschutz-Projekt,,,,,,
March,,,,,,
Heftiger Regen,,,,,,
March-Hochwasser Dürnkrut,,,,,,
Blackouts,,,,,,
Maysak,,,,,,
Hochwasserschutz an Donau,,,,,,
Flensburg,,,,,,
Dagestan,,,,,,
Krisen-Vorsorge,,,,,,
Gegendtal,,,,,,
Staufensees,,,,,,
Bentiu,,,,,,
Milders,,,,,,
TTS-Player überspringenArtikel weiterlesenKaum,,,,,,
Suhl,,,,,,
Dammbruch,,,,,,
Mittelmeerküste,,,,,,
Reisebericht,,,,,,
KonzertenDer,,,,,,
Sudan,,,,,,
Afritz,,,,,,
Unity,,,,,,
Hötting,,,,,,
Jahrtausendflut,,,,,,
Katzhof,,,,,,
e…,,,,,,
Nord-,,,,,,
Rheinkorrektur,,,,,,
Wessex-Strecke,,,,,,
Zentralchina,,,,,,
Derbent,,,,,,
Provinz Guangxi,,,,,,
Kaspischen Meer,,,,,,
Salzburgs,,,,,,
Nationalparks,,,,,,
Guangxi,,,,,,
Geschwätzes,,,,,,
Bad Soden-Salmünster,,,,,,
Rettung des Wals,,,,,,
Timmendorfer,,,,,,
Kastil…,,,,,,
Hab,,,,,,
Gut,,,,,,
Katastrophe w…,,,,,,
Berichtsdeutsch,,,,,,
Tiroler Brennerstraße,,,,,,
Matrei am Brenner,,,,,,
Haus im Ahrtal,,,,,,
Mayschoß,,,,,,
Hilfsanträgen,,,,,,
Steinau an der Straße,,,,,,
<em>tagesthemen</em>-Interview,,,,,,
Fulda,,,,,,
Sihl,,,,,,
Staaten,,,,,,
Vereinigten Staaten,,,,,,
Idaho,,,,,,
Herr Schüttrumpf,,,,,,
Arizona,,,,,,
Pazifikinseln,,,,,,
Davos,,,,,,
Rekordhitzewelle,,,,,,
Port…,,,,,,
Ahr-Flut,,,,,,
Nürnberg,,,,,,
Fahrafeld,,,,,,
Fürth,,,,,,
Alpenraum,,,,,,
Gestrandeter Buckelwal,,,,,,
Rhesi-Beschluss,,,,,,
Jänner,,,,,,
Montagabend,,,,,,
Landschaftsschutzgebiet,,,,,,
Kerrville,,,,,,
Naturdenkmal,,,,,,
Natura-2000-Gebiet,,,,,,
Jesús,,,,,,
Bachsohle,,,,,,
Thalwil,,,,,,
Nationalpark-Kernzone,,,,,,
Magdalenenhochwasser,,,,,,
Lösungen,,,,,,
Texas Hill,,,,,,
Bisamjagd,,,,,,
Niederländer,,,,,,
Gansu,,,,,,
Rentner,,,,,,
Bezirk Landeck,,,,,,
Zentral- und Südchina,,,,,,
Fließerau,,,,,,
Fließer,,,,,,
Königshaus,,,,,,
Halle/Magdeburg,,,,,,
Fehlalarm,,,,,,
Stadtbild</li><li,,,,,,
Donauinsel,,,,,,
Rettungsdienste,,,,,,
Vormittag w…,,,,,,
Xinhua,,,,,,
Behördenangaben,,,,,,
Rechtsnachfolger,,,,,,
Rappenloch,,,,,,
Hochwasserschutz,,,,,,
b…,,,,,,
Dommuseum,,,,,,
Morgengrauen,,,,,,
Biber,,,,,,
Unimog,,,,,,
London,,,,,,
Mittersill …,,,,,,
Reutlingen,,,,,,
Lünen,,,,,,
Norwegen-Senegal,,,,,,
New York,,,,,,
Ill im Walgau,,,,,,
Stifts St. Peter…,,,,,,
Kundl,,,,,,
Erzdiözese Salzburg,,,,,,
Jenbach,,,,,,
Salzburg Museum,,,,,,
Wismarer Bucht vor Poel,,,,,,
unterdurchsch…,,,,,,
New Yorks,,,,,,
Lagos,,,,,,
Senegal,,,,,,
Kundler,,,,,,
Niedersachs…,,,,,,
Retentionsräume,,,,,,
Gewässeraufweitungen,,,,,,
Schöcklbaches,,,,,,
Schöcklbach,,,,,,
Pfarrkirche St. Blasius in Hann,,,,,,
Hochwasserschutzes,,,,,,
Newyork,,,,,,
Neuheiten,,,,,,
Londons,,,,,,
Ärmelkanal,,,,,,
Hochwasser-Dämme,,,,,,
Kilometerlange Dämme,,,,,,
Murtaler,,,,,,
Heddernheimer Urselbach,,,,,,
Ärmelkanals,,,,,,
Erde…,,,,,,
Viöl,,,,,,
Gewittern,,,,,,
Blitzeinschlag,,,,,,
weiterlesenBei,,,,,,
Robert-Koch-Institut,,,,,,
Heddernheim,,,,,,
Ahr…,,,,,,
Mühlbach,,,,,,
Sterbefälle,,,,,,
Naturgefahrenmanagement,,,,,,
Schutzwasserverbands Murtal-Süd,,,,,,
Gefahrenmanagement,,,,,,
Urselbach,,,,,,
Hochwasserschutzprojekt,,,,,,
Landkreis Stendal,,,,,,
Deichrückverlegungen,,,,,,
frankfurt,,,,,,
Antheringer Au,,,,,,
schwarz-blaue Landesregierung,,,,,,
Salzburg,,,,,,
Mattig,,,,,,
h…,,,,,,
Erftstadt-Blessem,,,,,,
Rechnungshof,,,,,,
Mülltour,,,,,,
Messe Interschutz,,,,,,
Uni Wien,,,,,,
Warnkette,,,,,,
Kärntner,,,,,,
Big Ben,,,,,,
Sächsische Schweiz,,,,,,
Kaschmir,,,,,,
Felsenbühne Rathen,,,,,,
Bastei-Brücke,,,,,,
Höttinger Bach,,,,,,
Jammu,,,,,,
Gemeinde St. Ulrich am Pillersee,,,,,,
Hochwasserschutzprojekts,,,,,,
Bezirk Kitzbühel,,,,,,
Waidring,,,,,,
St. Ulrich am Pillersee,,,,,,
Flutkatastrophe am 14,,,,,,
Südsudan,,,,,,
Leoben,,,,,,
Neustift im Stubaital,,,,,,
Bezirk Innsbruck-Land,,,,,,
Tarragona,,,,,,
Milders nac…,,,,,,
Sachschaden,,,,,,
Extremwetter,,,,,,
Naturkatastrophenschäden,,,,,,
Vers…,,,,,,
Oberbergbach,,,,,,
Neustift,,,,,,
Elementarschäden w…,,,,,,
MV,,,,,,
Prada,,,,,,
Buckelwal Timmy,,,,,,
Landesamt für Umwelt- und Arbeitsschutz Saarland,,,,,,
Kärnten,,,,,,
Erlangen,,,,,,
Waldbränden,,,,,,
Euphrat-Hochwasser,,,,,,
Syrien,,,,,,
Flutkatastrophe an der Ahr,,,,,,
verh…,,,,,,
Nachbarn Deutschland,,,,,,
Temperaturen Rekorde,,,,,,
Kommunen,,,,,,
Landes Tirol,,,,,,
Sächsischen Schweiz,,,,,,
Rathen,,,,,,
Milliardenhöhe,,,,,,
Bagger,,,,,,
Grund,,,,,,
schwül-heißen Luft,,,,,,
Landkr…,,,,,,
Caaschwitz,,,,,,
Luftmassen,,,,,,
Alpenrhein,,,,,,
Grundwasserreserven,,,,,,
warm-feuchte,,,,,,
Hochwasserfall,,,,,,
Hochwasserdämme,,,,,,
Finnland,,,,,,
Weißen Elster“,,,,,,
Santa Eulària,,,,,,
Santa Eulària des Riu,,,,,,
Weißen Elster,,,,,,
Ansicht von Wissenschaftlern und Versicherern,,,,,,
Briten,,,,,,
weiterlesenNürnberg,,,,,,
Mittelrhein,,,,,,
Kraft,,,,,,
EU-Solidaritätsfonds,,,,,,
Fung-Wong,,,,,,
Tino,,,,,,
Uwan,,,,,,
Gaza,,,,,,
Gazastreifens,,,,,,
Israels,,,,,,
Inselstaat,,,,,,
Oldtimer,,,,,,
Münchens,,,,,,
Sintflutartiger Regen,,,,,,
Nordamerika,,,,,,
Flut-Angst,,,,,,
British Columbia,,,,,,
US-Staat,,,,,,
Perschling,,,,,,
Risikogebieten,,,,,,
Michelhausen,,,,,,
Kalmaegi,,,,,,
Brotbox,,,,,,
Rust,,,,,,
Ö3,,,,,,
Bangkok,,,,,,
Indonesiens,,,,,,
Malaysias,,,,,,
M…,,,,,,
Wasserverband Hochwasserschutz Unteres Inntal,,,,,,
Insel Sumatra,,,,,,
Waffenproduzenten,,,,,,
Kürze,,,,,,
Umsatzrekord,,,,,,
Naturkatastrophe,,,,,,
Opferbilanz,,,,,,
Opferb…,,,,,,
Taifunen,,,,,,
s…,,,,,,
Katastrophen,,,,,,
asiatischen Landes am …,,,,,,
Wilhelmsburg,,,,,,
Tullnerfeld,,,,,,
Salzach-Kraftwerks,,,,,,
LA,,,,,,
Gasteinertal,,,,,,
Anif,,,,,,
Elsbethen,,,,,,
Flachgau,,,,,,
Hochwassergebiet,,,,,,
Niederschlägen,,,,,,
Warn-Apps,,,,,,
Vorräte,,,,,,
Notgepäck,,,,,,
Kieler Kiellinie,,,,,,
Sturmtief «Elli,,,,,,
Kiellinie an der Förde,,,,,,
Tiroler,,,,,,
Brixentaler Ache,,,,,,
Kitzbühel,,,,,,
Lunow-Stolzenhagen,,,,,,
Eisplatten,,,,,,
Borkenkäfer,,,,,,
Dorfgastein,,,,,,
Tag,,,,,,
Puch-Urstein,,,,,,
Wilhelmshaven/Husum,,,,,,
Tennengau,,,,,,
Kraftwerk Urstein auszubaggern,,,,,,
Dubai,,,,,,
Haus …,,,,,,
Grundablass,,,,,,
Speicherkraftwerk Hollersbach,,,,,,
Norditalien,,,,,,
Emilia-Romagna,,,,,,
Provinz Ravenna,,,,,,
Agly,,,,,,
Warschau,,,,,,
Orkan,,,,,,
Stromausfall,,,,,,
Wütet,,,,,,
Sonntag Orkanböen,,,,,,
Granada,,,,,,
Landes Hochwasserprognosen,,,,,,
B…,,,,,,
Hat Yai,,,,,,
SüdostasienMillionen,,,,,,
manövrierunfähiger,,,,,,
Elb-Pegel St. Pauli,,,,,,
Gmünd,,,,,,
Stadt investi…,,,,,,
Braunaubaches,,,,,,
Bezirk Kufstein,,,,,,
Klimagerechtes,,,,,,
Haus,,,,,,
Unwettern,,,,,,
Veracruz,,,,,,
Cazones,,,,,,
Poza Rica,,,,,,
Katastrophenfonds,,,,,,
Zentrum,,,,,,
Mexikos,,,,,,
Protesten,,,,,,
Mexiko-Stadt,,,,,,
Spanier,,,,,,
Sturmtief Bäume,,,,,,
Emden,,,,,,
Dak Lak,,,,,,
Dreierpack,,,,,,
Saha…,,,,,,
Häfen,,,,,,
Zwölfaxing,,,,,,
Bruck an der Leitha,,,,,,
Verbrenner-Aus,,,,,,
Flächenbränden,,,,,,
Hofstetten-Grünau,,,,,,
Bezirk St. Pölten,,,,,,
Pielachtal,,,,,,
Baleareninsel,,,,,,
Iden im,,,,,,
Iden im …,,,,,,
Insel La…,,,,,,
Pelzfarmen,,,,,,
Stadtstaaten Bremen,,,,,,
Sturmböen,,,,,,
Norderney,,,,,,
La Fuensanta,,,,,,
Feu…,,,,,,
Traisen,,,,,,
Windpassing,,,,,,
Fluthelfer,,,,,,
Landgericht Hof,,,,,,
Kinderpornografie,,,,,,
Hof,,,,,,
(30,,,,,,
Wienfluss,,,,,,
Stadt Wien,,,,,,
Auhofbecken,,,,,,
Bezirk Hartberg Fürstenfeld,,,,,,
Breitbandausbaus,,,,,,
adressgenau,,,,,,
Wegweiser Überflutungsvorsorge,,,,,,
Hochwasser-Messanlage,,,,,,
Grimma,,,,,,
Wales,,,,,,
Großdemo,,,,,,
Wasserwirtschaftsfonds des Bundes,,,,,,
Ex-Soldat,,,,,,
New York City,,,,,,
Karibik,,,,,,
Kreis Bergstraße,,,,,,
St. Pölten,,,,,,
Dörfern,,,,,,
Orchesters,,,,,,
Fel…,,,,,,
Joshua,,,,,,
Landkreis Bergstraße,,,,,,
Landkreis Fulda,,,,,,
Hohenwarthe,,,,,,
Kingston,,,,,,
Hohenwarthe/Magdeburg,,,,,,
Jerichower …,,,,,,
großen Treimischer Teiches,,,,,,
Talsperre Kelbra,,,,,,
Hochwassereinsätze,,,,,,
Maria Saal,,,,,,
Bezirk Klagenfurt-…,,,,,,
Naturkatastrophen,,,,,,
Myanmar,,,,,,
Übelbach,,,,,,
A3,,,,,,
Friedland,,,,,,
Landkreis Mecklenburgische Seenplatte,,,,,,
Harz schmilzt der Schnee,,,,,,
Meyenburg,,,,,,
Großen Mühl,,,,,,
Bezirk Rohrbach,,,,,,
Oberkappel,,,,,,
Oberkappel …,,,,,,
Nahe,,,,,,
Rhe…,,,,,,
Chiemgauer,,,,,,
Berchtesgadener Alpen,,,,,,
Wasseramt München,,,,,,
Straße in Nassau“,,,,,,
Rhein-Lahn-Kreis,,,,,,
Wasserfluss,,,,,,
Wetterwarnungen,,,,,,
Bundesstraße 197,,,,,,
Dienstag,,,,,,
Unterläufen,,,,,,
Oberläufen der Ilse,,,,,,
Rezat,,,,,,
Meldestufe,,,,,,
Freistaats,,,,,,
Überschwemmung,,,,,,
Lestiac-sur-Garonne,,,,,,
Umweltministeriums,,,,,,
Nidderau,,,,,,
Lawinenabgängen,,,,,,
Extremwetter-Ereignissen,,,,,,
Auen,,,,,,
Bordeaux,,,,,,
Verkehrsstörungen,,,,,,
Rußhütte,,,,,,
Fischbach,,,,,,
Meldehöhe,,,,,,
Möbel,,,,,,
Landkreis Rostock,,,,,,
Offenbach,,,,,,
Tanne,,,,,,
Nachbarländern,,,,,,
Leichenteile in Donau,,,,,,
Kempten,,,,,,
Westeuropas,,,,,,
Nordafrikas,,,,,,
Temperaturen,,,,,,
verg…,,,,,,
Corona-Pandemie,,,,,,
Lawinen,,,,,,
Stromausfälle,,,,,,
Katastrophenfällen,,,,,,
Provinz Tucumán,,,,,,
Argentiniens,,,,,,
Pollenflugvorher,,,,,,
Engstellen,,,,,,
Anlandun…,,,,,,
Bad Neuenahr/Ahrweiler,,,,,,
Brogsitter Sanct Peter,,,,,,
Baustart,,,,,,
Polizeipräsidien,,,,,,
Klimawandels,,,,,,
Hochwasserschutzes im Oberpinzgau,,,,,,
Notschöpfen,,,,,,
Land…,,,,,,
Ubá,,,,,,
Paraibuna,,,,,,
Niederbayern,,,,,,
Peru,,,,,,
Flut,,,,,,
Jampress,,,,,,
Hassbach,,,,,,
Warth,,,,,,
Bezirk Neunkirchen,,,,,,
Stadt Freiburg,,,,,,
Dämme,,,,,,
Dietenbach,,,,,,
Bundesverwaltungsgericht,,,,,,
Gschnitztal,,,,,,
Pinneberg,,,,,,
lno,,,,,,
Altmühl,,,,,,
Ansbach,,,,,,
Landkreis Ansbach,,,,,,
Montfortbrücke,,,,,,
Milliardenvorhabens,,,,,,
Handyalarm,,,,,,
Kristin,,,,,,
Notunterkünfte,,,,,,
portugiesische Regierung,,,,,,
Azoren,,,,,,
Burgenlands,,,,,,
Gebäuden,,,,,,
Universität Graz,,,,,,
Hochwasserrisiko,,,,,,
Lissabon,,,,,,
Alcácer do Sal,,,,,,
Bosnien,,,,,,
Projekt-Umsetzungen,,,,,,
Lammerbach,,,,,,
Kindberg,,,,,,
Tetouan,,,,,,
Silvretta-Gebiet,,,,,,
Krisenfall,,,,,,
Prognosesystem,,,,,,
Rems-Murr-Kreis,,,,,,
Salzach-Kraftwerk Hollersbach,,,,,,
Hannover/Norden,,,,,,
Burg,,,,,,
Südafrik…,,,,,,
Sturm Harry,,,,,,
Mittelmeerraum,,,,,,
Ländern,,,,,,
bel…,,,,,,
Lehmhäusern,,,,,,
Landes an der Ostküste Af…,,,,,,
TTS-Player überspringenArtikel weiterlesenMaputo,,,,,,
Audio-Streamingdiensten,,,,,,
Musikstreaming,,,,,,
Vorarlberg,,,,,,
Götzis,,,,,,
Örfla,,,,,,
lsw,,,,,,
Pinzgaubahn,,,,,,
Pinzgauer Lokalbahn,,,,,,
Schmalspurbahn,,,,,,
Geisingen,,,,,,
Lankreis Prignitz,,,,,,
Landes Brandenburg,,,,,,
Gießen/Wiesbaden,,,,,,
lhe,,,,,,
Hessens,,,,,,
Neuendorf,,,,,,
Musee du Louvre,,,,,,
Paris,,,,,,
Museum der Nachrichtenagentur dpa,,,,,,
Pechsträhne,,,,,,
Millionenbetrug,,,,,,
Trier,,,,,,
Pegel Koblenz,,,,,,
Extremwetter-Schutz,,,,,,
Koblach-Nein,,,,,,
Herausforderungen,,,,,,
Planer,,,,,,
Pegel Pritzwalk Hainholz,,,,,,
Kreis Prignitz,,,,,,
Sturm,,,,,,
Überschwemmungsgefahr,,,,,,
Kreis Tuttlingen,,,,,,
Hochwasse…,,,,,,
Landtag Steiermark,,,,,,
Murtal,,,,,,
Ksar-El-Kebir,,,,,,
Bewohnern,,,,,,
Schneeschmelze,,,,,,
Südschwarzwald,,,,,,
Wasserwirtschaftsamt Weiden,,,,,,
Fasnet-Fans,,,,,,
Hochwa…,,,,,,
Nutrias,,,,,,
Oberläufen der Fließgewässer,,,,,,
Pegel Rötz,,,,,,
Schwarzach in der Oberpfalz,,,,,,
Murach,,,,,,
Muttergottes,,,,,,
